quiz_time,quiz_score,piano_time,piano_key_count,drawing_time,drawing_similarity,gender,age,talent,quiz_efficiency,piano_efficiency,drawing_efficiency
1060,2,528.594,70,1838,66.7,M,8,None,0.0018867924528301887,0.13242677745112505,0.03628944504896627
287,4,421.27,201,330,41.2,M,15,Piano,0.013937282229965157,0.47712868231775346,0.12484848484848486
1005,1,169.277,326,1384,58.3,F,12,None,0.0009950248756218905,1.9258375325649677,0.042124277456647395
947,0,235.029,108,710,48.4,F,17,Piano,0.0,0.4595177616379255,0.06816901408450704
1175,5,114.454,100,1790,99.0,F,16,Quiz,0.00425531914893617,0.8737134569346637,0.0553072625698324
846,4,330.75,323,587,96.5,M,9,Drawing,0.004728132387706856,0.9765684051398337,0.1643952299829642
976,1,118.701,389,291,66.4,F,14,None,0.0010245901639344263,3.277141725848982,0.22817869415807562
708,2,606.502,469,1785,79.8,M,16,Drawing,0.002824858757062147,0.7732868152124808,0.04470588235294117
765,1,401.188,240,601,86.5,F,18,Drawing,0.00130718954248366,0.5982232768677029,0.14392678868552414
1195,5,497.09,320,655,74.2,F,18,Quiz,0.0041841004184100415,0.6437466052425115,0.11328244274809161
919,4,223.081,102,991,61.4,F,12,Quiz,0.004352557127312296,0.4572330229826834,0.06195761856710393
214,4,104.805,376,720,86.3,M,17,Drawing,0.018691588785046728,3.58761509469968,0.11986111111111111
1286,2,179.504,212,618,86.3,F,12,Piano,0.0015552099533437014,1.181032177555932,0.13964401294498383
1217,0,609.891,250,979,59.9,F,11,None,0.0,0.4099093116638875,0.061184882533197135
606,5,255.435,148,883,78.3,F,11,Drawing,0.00825082508250825,0.579403762209564,0.08867497168742922
812,5,570.197,54,1441,54.2,M,5,Quiz,0.006157635467980296,0.09470411103530885,0.037612768910478836
994,0,487.108,395,1777,66.4,F,11,Piano,0.0,0.8109084638314296,0.03736634777715251
763,4,365.651,271,684,55.0,M,11,Quiz,0.005242463958060288,0.7411438776319496,0.0804093567251462
740,3,626.655,376,1922,81.7,M,15,Quiz,0.004054054054054054,0.6000111704207259,0.042507804370447454
881,4,237.676,183,995,88.2,F,6,Piano,0.004540295119182747,0.7699557380635824,0.08864321608040202
389,0,223.551,332,832,89.1,F,15,Drawing,0.0,1.4851197265948264,0.10709134615384615
909,2,310.864,214,1448,47.2,M,7,Piano,0.0022002200220022,0.6884039322662001,0.03259668508287293
1336,5,644.041,101,1491,55.1,F,12,None,0.0037425149700598802,0.15682231410733166,0.036955063715627096
1336,4,231.189,130,898,76.6,F,7,Drawing,0.0029940119760479044,0.562310490551021,0.08530066815144766
1054,4,267.388,175,1353,71.9,F,10,Piano,0.003795066413662239,0.6544796325938337,0.05314116777531412
446,3,108.593,233,322,54.5,F,10,Piano,0.006726457399103139,2.145626329505585,0.16925465838509315
1083,1,440.751,444,1734,45.4,F,9,Piano,0.0009233610341643582,1.0073715090833602,0.026182237600922722
1347,2,172.098,398,1994,75.5,M,13,None,0.0014847809948032665,2.312635823774826,0.03786359077231695
602,1,367.768,196,1371,78.7,M,8,Drawing,0.0016611295681063123,0.5329446825172391,0.05740335521517141
1128,1,563.464,316,672,52.5,F,13,Piano,0.0008865248226950354,0.560816662643931,0.078125
462,3,165.148,161,1216,71.0,M,18,Quiz,0.006493506493506494,0.9748831351272798,0.05838815789473684
453,3,395.534,209,1214,60.3,F,5,Drawing,0.006622516556291391,0.5283995813254992,0.04967051070840198
603,5,528.705,457,827,45.0,M,7,Quiz,0.008291873963515755,0.8643761644016984,0.05441354292623942
303,3,408.993,161,709,96.4,F,8,Quiz,0.009900990099009901,0.39364976906695226,0.13596614950634697
1077,1,351.854,212,1943,99.7,M,6,Piano,0.0009285051067780873,0.6025226372302148,0.05131240349974267
1000,5,255.565,184,1418,79.5,F,5,Quiz,0.005,0.7199733922876763,0.05606488011283498
1154,2,442.436,71,949,75.4,F,16,Drawing,0.0017331022530329288,0.16047518737173286,0.07945205479452055
762,5,604.565,76,425,61.0,F,17,Quiz,0.006561679790026247,0.125710221398857,0.14352941176470588
652,3,494.194,196,1739,41.5,F,5,Quiz,0.004601226993865031,0.39660538169220994,0.02386428982173663
1395,3,342.437,95,1596,93.0,M,5,Drawing,0.002150537634408602,0.2774232924596349,0.05827067669172932
1260,4,317.339,230,806,97.8,F,13,Piano,0.0031746031746031746,0.7247769735204308,0.12133995037220843
1180,0,250.47,177,217,73.4,F,17,Piano,0.0,0.7066714576595999,0.3382488479262673
769,2,402.607,329,825,76.9,M,10,Drawing,0.002600780234070221,0.8171740680117334,0.09321212121212122
354,1,587.301,322,1327,81.8,M,6,Piano,0.002824858757062147,0.5482708185410887,0.06164280331574981
958,1,546.878,458,607,94.8,F,11,Drawing,0.0010438413361169101,0.8374811201035697,0.15617792421746293
235,4,176.759,313,711,63.8,F,11,Drawing,0.01702127659574468,1.7707726339252883,0.08973277074542897
670,3,407.898,337,926,80.3,F,16,Drawing,0.004477611940298508,0.8261869388915856,0.0867170626349892
774,5,232.211,363,769,41.8,M,14,Quiz,0.006459948320413436,1.563233438553729,0.054356306892067614
1037,5,382.787,150,1192,89.7,F,14,Drawing,0.0048216007714561235,0.3918628375571793,0.075251677852349
204,3,566.056,421,1573,72.4,F,16,Piano,0.014705882352941176,0.7437426685698941,0.04602670057215512
855,4,642.692,155,1893,42.5,F,8,Quiz,0.004678362573099415,0.24117306579201234,0.022451135763338615
1281,1,75.236,166,990,65.7,F,7,Drawing,0.00078064012490242,2.2063905577117335,0.06636363636363636
1281,1,154.019,339,1319,73.0,M,5,Drawing,0.00078064012490242,2.201027146001467,0.05534495830174375
687,4,228.24,321,1412,84.3,F,13,Quiz,0.005822416302765648,1.4064143007360672,0.05970254957507082
1060,2,208.886,193,1658,85.5,M,10,Piano,0.0018867924528301887,0.9239489482301351,0.051568154402895056
1292,0,247.159,253,1111,45.9,M,18,None,0.0,1.023632560416574,0.04131413141314131
750,3,164.094,271,556,63.9,F,9,Drawing,0.004,1.6514924372615696,0.11492805755395684
1323,1,216.797,299,1882,70.2,F,9,None,0.0007558578987150416,1.3791703759738374,0.03730074388947928
715,1,75.933,209,1698,88.1,M,12,Drawing,0.0013986013986013986,2.7524264812400405,0.05188457008244994
579,0,335.41,228,1650,96.5,F,7,Piano,0.0,0.679765063653439,0.05848484848484849
1391,1,184.217,334,596,52.9,M,5,None,0.0007189072609633358,1.8130791403616386,0.08875838926174497
698,1,470.487,386,289,59.1,F,6,Piano,0.0014326647564469914,0.8204264942495754,0.20449826989619377
1221,1,216.677,245,1025,81.8,F,14,Piano,0.000819000819000819,1.1307153043470235,0.07980487804878049
928,4,641.516,213,1617,65.4,M,17,Drawing,0.004310344827586207,0.33202601338080423,0.040445269016697594
1322,3,283.583,145,1887,92.0,F,7,Piano,0.0022692889561270802,0.5113141478861567,0.048754636989931106
478,0,203.18,335,1496,72.1,F,9,Drawing,0.0,1.6487843291662565,0.048195187165775394
596,2,120.091,149,595,97.5,F,13,Piano,0.003355704697986577,1.2407257829479312,0.1638655462184874
654,3,630.987,433,1787,74.4,F,13,Quiz,0.0045871559633027525,0.6862264991196333,0.04163402350307779
1292,2,422.067,485,1090,52.8,F,9,None,0.0015479876160990713,1.1491066584215301,0.04844036697247706
1367,0,128.192,230,1265,98.5,M,11,Drawing,0.0,1.7941837244133798,0.07786561264822134
1356,2,593.51,284,857,98.1,M,14,Piano,0.0014749262536873156,0.47850920793246954,0.1144690781796966
691,0,120.775,56,1397,82.1,F,14,Drawing,0.0,0.46367211757400123,0.05876879026485325
1145,2,484.452,54,228,45.1,F,13,None,0.0017467248908296944,0.11146615144534443,0.19780701754385965
699,0,629.296,266,1524,85.2,M,12,Drawing,0.0,0.42269456662683375,0.05590551181102362
644,3,395.601,140,913,94.4,F,16,Quiz,0.004658385093167702,0.35389192646125767,0.10339539978094195
372,4,303.526,175,1281,84.5,F,7,Quiz,0.010752688172043012,0.576556868274876,0.06596409055425449
1224,2,410.605,239,704,62.5,M,13,Piano,0.0016339869281045752,0.5820679241606896,0.08877840909090909
1128,5,322.238,107,1779,98.7,M,12,Quiz,0.004432624113475178,0.33205270638472184,0.055480607082630695
279,5,615.711,301,1452,55.2,M,9,None,0.017921146953405017,0.488865717844898,0.03801652892561984
246,0,190.302,192,1638,99.7,M,8,Drawing,0.0,1.008922659772362,0.060866910866910866
855,0,610.068,379,935,43.5,F,7,None,0.0,0.6212422221785112,0.046524064171122995
867,4,226.706,397,875,67.8,F,16,Drawing,0.00461361014994233,1.7511667093063263,0.07748571428571428
739,3,276.567,277,1927,67.2,F,6,Quiz,0.0040595399188092015,1.00156562424295,0.034872859366891544
1128,4,549.091,269,951,49.8,M,5,Piano,0.0035460992907801418,0.4899005811422879,0.05236593059936908
589,1,310.4,246,649,45.0,M,17,Piano,0.001697792869269949,0.7925257731958764,0.06933744221879815
1076,4,75.847,338,573,88.6,F,6,Drawing,0.0037174721189591076,4.4563397365749475,0.15462478184991274
1052,1,288.915,391,1026,90.5,M,5,Drawing,0.0009505703422053232,1.3533392174168872,0.08820662768031189
304,2,140.445,360,717,81.5,M,5,Drawing,0.006578947368421052,2.56328099967959,0.11366806136680614
970,4,411.675,102,876,85.4,M,9,Quiz,0.004123711340206186,0.24776826380032793,0.09748858447488586
1301,0,137.625,100,884,76.4,M,9,Drawing,0.0,0.7266121707538601,0.08642533936651585
687,1,275.256,121,1774,80.3,M,5,Drawing,0.001455604075691412,0.43959078094573784,0.045264937993235624
970,2,244.974,103,435,73.7,F,10,Drawing,0.002061855670103093,0.42045278274429126,0.16942528735632184
600,4,432.806,115,274,52.8,M,13,Quiz,0.006666666666666667,0.2657079615347292,0.1927007299270073
937,5,425.461,387,997,73.3,F,16,Drawing,0.005336179295624333,0.9096015851041576,0.07352056168505516
448,5,330.997,384,1219,57.9,M,6,Quiz,0.011160714285714286,1.1601313607071968,0.047497949138638224
280,4,538.68,187,383,90.5,F,7,Drawing,0.014285714285714285,0.34714487265166705,0.2362924281984334
1183,4,649.0,102,1673,59.7,M,16,Quiz,0.0033812341504649195,0.15716486902927582,0.03568439928272565
310,0,336.532,385,294,64.0,M,15,None,0.0,1.1440219652217323,0.21768707482993196
1099,3,267.746,244,1418,70.9,F,12,Piano,0.00272975432211101,0.9113114668379734,0.05
1274,2,553.896,141,881,50.6,M,14,None,0.0015698587127158557,0.25456042289527275,0.05743473325766175
844,0,273.951,95,745,47.7,M,10,None,0.0,0.34677734339352656,0.0640268456375839
1296,1,540.446,170,413,44.9,F,17,None,0.0007716049382716049,0.31455501567224103,0.10871670702179176
1030,4,61.56,341,1480,45.1,F,15,Quiz,0.003883495145631068,5.539311241065627,0.030472972972972974
918,5,201.906,77,277,67.8,M,17,Quiz,0.0054466230936819175,0.38136558596574643,0.2447653429602888
725,2,211.715,56,1226,93.7,M,14,Drawing,0.002758620689655172,0.2645065300049595,0.0764274061990212
1005,2,298.695,241,1854,62.6,F,15,Piano,0.001990049751243781,0.8068431008219087,0.03376483279395901
285,1,381.737,74,344,60.6,F,11,Drawing,0.0035087719298245615,0.19385074016927883,0.17616279069767443
266,0,359.564,160,427,72.2,M,8,Drawing,0.0,0.44498336874659306,0.16908665105386417
947,2,287.642,150,1741,94.0,M,12,Drawing,0.0021119324181626186,0.5214815638884447,0.05399195864445721
514,4,258.539,338,1660,46.1,F,15,Quiz,0.007782101167315175,1.3073462804451166,0.0277710843373494
823,3,571.341,495,549,50.4,F,10,Quiz,0.0036452004860267314,0.8663827731599868,0.09180327868852459
958,2,375.231,89,428,98.9,M,13,Drawing,0.0020876826722338203,0.23718722600211603,0.2310747663551402
667,3,611.355,384,845,98.5,M,10,Drawing,0.004497751124437781,0.6281129621905439,0.1165680473372781
1146,5,618.555,384,914,74.3,F,10,Quiz,0.004363001745200698,0.6208017072046949,0.0812910284463895
525,1,254.531,324,923,70.5,M,16,Drawing,0.0019047619047619048,1.272929427063894,0.07638136511375948
758,0,426.983,369,1773,74.9,M,16,Piano,0.0,0.8642030244763843,0.042244782853919915
1044,2,416.924,439,889,67.3,M,8,Piano,0.0019157088122605363,1.0529496982663507,0.07570303712035995
371,1,253.735,179,1819,55.3,M,14,Piano,0.0026954177897574125,0.7054604213056929,0.03040131940626718
984,0,417.979,457,1773,64.7,M,13,Drawing,0.0,1.0933563647934466,0.03649182177100959
517,3,639.981,383,575,99.5,F,5,Drawing,0.005802707930367505,0.5984552666407285,0.17304347826086958
712,5,88.905,398,1072,85.0,F,7,Drawing,0.007022471910112359,4.476688600191215,0.07929104477611941
924,4,549.559,428,277,71.4,F,7,Piano,0.004329004329004329,0.7788062792166083,0.25776173285198556
1265,0,470.472,377,1518,82.8,M,17,Drawing,0.0,0.8013229267629105,0.05454545454545454
621,0,509.313,192,1192,53.9,M,17,None,0.0,0.37697840031571944,0.045218120805369126
1020,2,386.252,247,1869,60.0,M,11,Piano,0.00196078431372549,0.6394788894296988,0.03210272873194221
753,3,537.209,206,1512,72.0,M,12,Drawing,0.00398406374501992,0.3834634192651278,0.047619047619047616
356,5,512.194,460,1150,48.6,M,8,Quiz,0.014044943820224719,0.8980972053557832,0.04226086956521739
716,2,513.536,167,1005,72.2,F,10,Drawing,0.002793296089385475,0.3251962861415753,0.0718407960199005
415,3,298.77,206,1871,49.0,M,8,Quiz,0.007228915662650603,0.6894935903872544,0.026189203634420097
329,2,445.33,292,1515,83.0,F,16,Piano,0.0060790273556231,0.6556935306401994,0.05478547854785479
210,5,605.979,87,1357,64.1,M,8,Drawing,0.023809523809523808,0.14356933161050134,0.04723655121591746
501,2,152.164,190,1839,70.4,M,14,Piano,0.003992015968063872,1.2486527693804055,0.03828167482327352
1027,2,620.203,405,1207,81.8,M,5,Drawing,0.0019474196689386564,0.6530119976846291,0.06777133388566695
326,1,523.519,336,1601,44.1,F,9,Piano,0.003067484662576687,0.6418105169057856,0.02754528419737664
978,0,128.056,395,1845,51.2,M,17,None,0.0,3.0845879927531703,0.027750677506775068
1224,5,371.822,473,860,62.8,M,13,Drawing,0.004084967320261438,1.2721140760901721,0.07302325581395348
401,3,533.462,203,1136,46.9,M,13,Piano,0.007481296758104738,0.3805331963663766,0.041285211267605634
274,5,268.154,259,674,84.3,M,14,Drawing,0.01824817518248175,0.9658628996770513,0.12507418397626113
1154,3,608.562,231,863,74.7,M,15,Drawing,0.0025996533795493936,0.37958334565746793,0.086558516801854
1384,0,529.078,199,865,40.8,F,9,None,0.0,0.3761260154457377,0.047167630057803465
1166,0,637.603,226,347,64.9,M,5,Drawing,0.0,0.3544525355119095,0.18703170028818444
760,0,246.272,264,634,52.6,F,17,None,0.0,1.071985446985447,0.0829652996845426
231,5,174.603,335,1367,73.9,M,18,Drawing,0.021645021645021644,1.9186382822746457,0.054059985369422095
789,2,332.427,243,701,66.4,F,5,Drawing,0.0025348542458808617,0.7309875551624867,0.09472182596291014
1146,3,169.339,104,1866,62.4,F,10,Piano,0.002617801047120419,0.6141526759931262,0.033440514469453377
361,3,541.251,104,1699,90.4,M,18,Quiz,0.008310249307479225,0.19214745099778108,0.05320776927604474
1032,0,193.405,304,527,46.2,M,12,None,0.0,1.5718311315632998,0.08766603415559773
778,2,452.3,313,1641,88.3,M,9,Drawing,0.002570694087403599,0.6920185717444174,0.05380865326020719
1013,2,638.552,214,381,52.3,F,12,None,0.0019743336623889436,0.33513323895313146,0.13727034120734907
1143,1,67.814,312,1896,52.5,M,11,None,0.0008748906386701663,4.600819889698293,0.027689873417721517
1114,3,446.398,131,713,94.6,M,17,Quiz,0.0026929982046678637,0.29346009614738416,0.13267882187938287
945,1,278.199,168,595,89.8,F,15,Piano,0.0010582010582010583,0.603884269893134,0.15092436974789916
1104,1,577.502,404,1723,98.5,F,18,Drawing,0.0009057971014492754,0.6995646768322881,0.0571677307022635
913,5,352.946,264,327,50.9,F,5,Quiz,0.00547645125958379,0.7479897774730412,0.15565749235474005
725,0,385.522,286,1504,55.5,F,7,Piano,0.0,0.7418513080965549,0.036901595744680854
693,3,139.498,78,1332,81.5,F,10,Quiz,0.004329004329004329,0.5591478014021707,0.06118618618618619
1369,4,549.848,90,1133,44.0,M,10,None,0.0029218407596785976,0.16368159927834602,0.038834951456310676
1197,1,492.842,166,541,48.2,M,13,None,0.000835421888053467,0.3368219429350583,0.08909426987060999
930,1,420.911,358,654,74.4,M,10,Piano,0.001075268817204301,0.8505360990803281,0.11376146788990826
901,1,313.644,179,1219,97.5,F,9,Piano,0.0011098779134295228,0.5707107421152644,0.07998359310910583
993,4,293.967,345,210,61.3,M,9,Quiz,0.004028197381671702,1.173601118492892,0.2919047619047619
1006,2,630.533,104,822,97.2,M,15,Drawing,0.0019880715705765406,0.16493982075482172,0.11824817518248175
950,3,157.37,293,1714,90.8,F,9,Quiz,0.003157894736842105,1.8618542288873354,0.05297549591598599
681,0,523.318,122,912,61.1,M,15,Drawing,0.0,0.23312784960578464,0.06699561403508772
260,2,419.57,74,1262,44.6,M,13,None,0.007692307692307693,0.17637104654765592,0.03534072900158479
307,3,641.587,151,1065,46.2,F,9,Quiz,0.009771986970684038,0.23535389588629446,0.04338028169014085
1016,4,534.798,106,1720,51.1,M,16,Quiz,0.003937007874015748,0.19820567765773245,0.029709302325581395
538,4,516.181,423,1175,91.0,F,12,Quiz,0.007434944237918215,0.8194799886086469,0.0774468085106383
688,4,462.62,337,977,75.3,F,13,Quiz,0.005813953488372093,0.7284596429034629,0.07707267144319345
1180,5,610.208,319,534,81.8,M,14,Quiz,0.00423728813559322,0.522772562798259,0.15318352059925094
1026,4,345.003,152,1496,79.0,M,12,Drawing,0.003898635477582846,0.44057587905032713,0.052807486631016046
1321,2,478.47,473,1185,83.5,F,16,Drawing,0.001514004542013626,0.9885677262942295,0.07046413502109705
696,3,535.225,458,1620,77.6,F,11,Drawing,0.004310344827586207,0.8557148862627867,0.047901234567901234
1331,5,310.921,276,1393,99.4,M,14,Drawing,0.003756574004507889,0.8876852962649676,0.07135678391959799
1364,1,624.38,276,1262,40.6,M,11,None,0.0007331378299120235,0.4420385021941766,0.03217115689381934
676,5,348.405,234,471,92.4,M,18,Drawing,0.0073964497041420114,0.6716321522366212,0.1961783439490446
1125,0,262.159,389,588,83.9,M,14,Drawing,0.0,1.483832330761103,0.14268707482993198
1365,5,572.546,195,492,42.5,M,7,None,0.003663003663003663,0.3405839880114436,0.08638211382113821
784,0,295.37,189,386,97.0,M,9,Piano,0.0,0.6398754105020821,0.25129533678756477
909,5,421.08,111,425,50.0,M,15,Quiz,0.005500550055005501,0.26360786548874326,0.11764705882352941
1084,2,368.126,379,1330,50.6,F,8,Piano,0.0018450184501845018,1.029538799215486,0.03804511278195489
952,1,528.53,311,1740,43.5,F,13,Piano,0.0010504201680672268,0.5884244981363405,0.025
888,0,617.579,427,1976,50.4,M,11,None,0.0,0.6914095200775934,0.025506072874493926
889,1,478.308,265,202,88.9,F,7,Piano,0.0011248593925759281,0.5540363113307744,0.4400990099009901
1343,4,382.722,378,779,74.8,F,17,Drawing,0.0029784065524944155,0.9876620628027655,0.09602053915275995
1151,2,224.049,78,1872,42.7,M,13,None,0.0017376194613379669,0.3481381304982392,0.022809829059829062
369,0,257.76,74,1484,84.1,F,16,Drawing,0.0,0.28708876474239603,0.056671159029649594
1347,5,216.112,225,1825,72.0,F,12,Piano,0.003711952487008166,1.041126823128748,0.03945205479452055
1172,3,105.755,130,1337,69.7,M,16,Piano,0.002559726962457338,1.2292562999385372,0.05213163799551234
897,2,269.033,89,1972,84.0,M,7,None,0.002229654403567447,0.3308144354038352,0.04259634888438134
535,3,571.2,108,1015,82.5,F,7,Quiz,0.005607476635514018,0.18907563025210083,0.0812807881773399
1393,3,431.785,471,899,49.5,M,13,None,0.0021536252692031586,1.0908206630614774,0.05506117908787542
1025,0,77.578,72,625,47.7,M,17,None,0.0,0.9280981721622109,0.07632
281,3,394.265,126,1747,40.4,M,9,None,0.010676156583629894,0.3195820070257314,0.023125357756153406
1269,2,649.693,66,559,55.6,F,17,None,0.0015760441292356187,0.10158644159626162,0.09946332737030411
564,2,137.198,123,1456,97.8,F,12,Piano,0.0035460992907801418,0.8965145264508229,0.06717032967032967
534,5,512.973,327,1419,50.4,F,16,Piano,0.009363295880149813,0.637460451134855,0.03551797040169133
930,0,523.362,450,1085,60.8,F,8,Drawing,0.0,0.8598255127426142,0.056036866359447005
409,1,655.079,224,484,66.8,F,15,Drawing,0.0024449877750611247,0.3419434907850809,0.13801652892561983
1147,4,290.551,78,1106,89.3,M,7,Quiz,0.0034873583260680036,0.268455451882802,0.08074141048824593
658,1,60.619,275,1508,96.7,M,7,Drawing,0.001519756838905775,4.5365314505353105,0.06412466843501327
238,4,476.903,421,1353,86.4,M,17,Drawing,0.01680672268907563,0.8827790976362069,0.06385809312638581
1048,5,150.786,141,1188,96.6,F,15,Quiz,0.004770992366412214,0.9351000756038359,0.08131313131313131
769,3,495.378,211,1386,41.9,M,8,Quiz,0.0039011703511053317,0.42593736500207924,0.03023088023088023
691,2,641.884,479,1184,92.1,F,16,Drawing,0.002894356005788712,0.746240753781057,0.07778716216216215
790,2,567.715,248,586,87.8,M,12,Drawing,0.002531645569620253,0.4368389068458645,0.14982935153583618
577,2,171.461,64,1376,40.1,M,12,None,0.0034662045060658577,0.3732627244679548,0.029142441860465117
720,5,195.55,368,925,74.9,M,5,Quiz,0.006944444444444444,1.8818716440807977,0.08097297297297298
783,2,651.595,258,271,67.9,F,12,None,0.002554278416347382,0.3959514729241323,0.2505535055350554
806,5,235.289,350,928,91.6,F,6,Drawing,0.00620347394540943,1.4875323538286958,0.09870689655172413
978,5,510.246,90,600,46.2,M,12,Quiz,0.005112474437627812,0.17638550816664902,0.077
1309,3,482.181,251,1135,40.6,F,10,Piano,0.002291825821237586,0.5205514111920627,0.03577092511013216
201,0,112.808,126,315,61.5,F,5,Piano,0.0,1.1169420608467484,0.19523809523809524
1070,1,474.368,192,1193,42.5,F,10,None,0.0009345794392523365,0.404749055585537,0.03562447611064543
516,2,598.629,58,973,77.0,F,5,Drawing,0.003875968992248062,0.09688805587433953,0.07913669064748201
915,1,435.808,133,1541,76.7,M,13,Drawing,0.001092896174863388,0.305180262868052,0.04977287475665153
658,3,392.354,439,1537,87.0,M,11,Drawing,0.004559270516717325,1.1188875352360368,0.05660377358490566
1073,5,109.06,61,286,79.0,M,13,Quiz,0.004659832246039142,0.5593251421236016,0.2762237762237762
321,2,646.495,405,884,50.9,M,17,None,0.006230529595015576,0.6264549609819101,0.05757918552036199
894,2,157.165,260,861,59.9,M,9,None,0.0022371364653243847,1.6543123468965737,0.06957026713124274
1282,2,108.997,292,234,53.2,F,13,None,0.0015600624024961,2.6789728157655714,0.22735042735042738
1102,3,164.69,262,358,65.0,F,5,Drawing,0.0027223230490018148,1.5908676908130428,0.18156424581005587
715,3,282.994,69,1155,42.4,F,9,Quiz,0.004195804195804196,0.24382142377576907,0.036709956709956706
807,0,323.608,166,1065,69.2,M,7,Drawing,0.0,0.5129663049121159,0.06497652582159624
1131,5,453.661,292,1594,57.0,M,6,Quiz,0.004420866489832007,0.6436524188766501,0.035759096612296114
729,4,500.601,404,993,82.9,F,7,Piano,0.0054869684499314125,0.8070299500000999,0.08348439073514603
1139,5,643.808,424,492,91.3,M,14,Quiz,0.004389815627743635,0.6585814404294448,0.18556910569105692
580,5,369.405,133,329,45.7,M,18,Quiz,0.008620689655172414,0.36003844019436665,0.13890577507598786
227,1,575.65,310,1672,86.4,M,15,Drawing,0.004405286343612335,0.5385216711543472,0.05167464114832536
1118,2,591.11,167,469,59.9,F,17,None,0.0017889087656529517,0.2825193280438497,0.12771855010660982
1043,5,147.6,182,1499,75.3,M,14,Quiz,0.004793863854266539,1.2330623306233064,0.05023348899266177
1344,2,502.578,253,364,86.9,M,10,Drawing,0.001488095238095238,0.5034044466729543,0.23873626373626375
355,5,183.711,383,1865,47.4,F,12,Quiz,0.014084507042253521,2.0847962288594584,0.025415549597855226
481,4,444.642,84,397,50.8,M,8,Quiz,0.008316008316008316,0.1889160268260758,0.12795969773299748
1384,0,411.387,61,689,63.8,M,9,Drawing,0.0,0.14827887123316974,0.09259796806966618
325,1,254.202,334,1408,74.8,F,12,Drawing,0.003076923076923077,1.3139157048331642,0.053125
1118,3,379.879,200,583,48.0,F,15,Piano,0.0026833631484794273,0.5264834328825757,0.0823327615780446
945,3,464.733,390,328,83.8,F,6,Quiz,0.0031746031746031746,0.8391915357850637,0.2554878048780488
716,5,213.439,242,510,98.7,F,10,Drawing,0.006983240223463687,1.1338134080463271,0.1935294117647059
313,1,431.326,185,502,74.2,F,18,Drawing,0.003194888178913738,0.4289099196431469,0.14780876494023906
544,5,612.125,50,1370,96.5,F,15,Drawing,0.009191176470588236,0.08168266285480906,0.07043795620437956
560,1,269.493,241,774,98.6,M,9,Piano,0.0017857142857142857,0.8942718363742287,0.12739018087855297
784,4,400.777,373,1833,64.2,M,17,Piano,0.00510204081632653,0.930692130536433,0.03502454991816694
218,5,601.727,446,1200,59.0,F,10,None,0.022935779816513763,0.7411999129173197,0.049166666666666664
1021,0,257.357,114,1299,76.6,M,15,Piano,0.0,0.4429644423893657,0.05896843725943033
1027,4,329.665,354,935,62.4,M,7,Drawing,0.0038948393378773127,1.0738173600473206,0.0667379679144385
1066,5,446.188,499,1141,70.0,F,14,Quiz,0.004690431519699813,1.118362663271984,0.06134969325153374
1015,1,347.988,166,1444,60.5,F,12,Drawing,0.0009852216748768472,0.4770279434923043,0.04189750692520776
503,4,207.888,277,982,63.7,M,6,Quiz,0.007952286282306162,1.3324482413607326,0.06486761710794298
697,3,634.27,70,606,65.9,F,18,Drawing,0.00430416068866571,0.11036309458117206,0.10874587458745875
1347,0,453.471,100,523,96.1,M,9,Drawing,0.0,0.220521268173709,0.1837476099426386
1163,4,231.209,76,1892,88.2,F,7,Quiz,0.0034393809114359416,0.328706927498497,0.04661733615221988
1367,1,426.811,195,201,56.4,M,12,None,0.000731528895391368,0.4568766971797822,0.28059701492537314
549,2,134.057,157,1809,88.0,F,14,Piano,0.0036429872495446266,1.1711436180132333,0.048645660585959094
1158,0,400.955,347,1151,97.8,M,11,Drawing,0.0,0.8654337768577521,0.08496959165942658
1395,4,440.524,428,340,76.1,F,11,Drawing,0.002867383512544803,0.971570220918724,0.2238235294117647
1249,0,448.61,427,1856,90.4,M,10,Piano,0.0,0.9518289828581619,0.04870689655172414
919,0,202.359,342,1803,56.5,F,12,None,0.0,1.690065675359139,0.031336661120354964
1283,1,546.528,452,1899,49.0,M,8,None,0.000779423226812159,0.827039053808771,0.025803054239073198
780,0,502.861,275,872,53.0,M,6,Piano,0.0,0.5468708052523461,0.06077981651376147
1004,2,424.864,209,1746,53.9,M,10,Piano,0.00199203187250996,0.4919221209610605,0.030870561282932415
708,0,358.557,307,1543,48.2,F,17,None,0.0,0.8562097518665094,0.031237848347375245
836,0,476.154,329,899,89.1,M,6,Drawing,0.0,0.6909529269942077,0.09911012235817575
753,4,107.731,281,1964,93.7,F,10,Quiz,0.005312084993359893,2.608348571905951,0.04770875763747454
847,0,196.22,245,760,89.9,M,13,Drawing,0.0,1.2485985118744267,0.11828947368421053
359,4,222.96,249,1785,80.8,M,16,Quiz,0.011142061281337047,1.1167922497308933,0.04526610644257703
541,5,91.456,221,969,61.8,F,7,Drawing,0.009242144177449169,2.4164625612316306,0.06377708978328173
315,5,397.94,85,652,50.5,F,11,Quiz,0.015873015873015872,0.21360004020706638,0.07745398773006135
510,1,118.103,170,254,85.4,M,13,Piano,0.00196078431372549,1.439421521891908,0.3362204724409449
1179,2,617.234,286,1502,64.0,M,16,Drawing,0.0016963528413910093,0.4633574948884863,0.0426098535286285
563,0,566.062,198,1307,77.4,F,10,Drawing,0.0,0.3497850058827478,0.05921958684009182
999,0,425.7,87,1723,82.5,F,12,Drawing,0.0,0.204369274136716,0.04788160185722577
680,1,265.346,390,969,96.2,F,8,Drawing,0.0014705882352941176,1.4697790808981481,0.09927760577915377
1034,3,228.102,203,1419,92.4,M,5,Piano,0.0029013539651837525,0.8899527404406801,0.06511627906976744
342,5,400.512,293,689,70.1,M,10,Quiz,0.014619883040935672,0.7315635985937999,0.10174165457184324
793,4,288.755,265,1893,83.3,F,10,Quiz,0.005044136191677175,0.9177330262679434,0.044004226096143684
1147,5,108.632,212,777,49.2,M,11,Quiz,0.004359197907585004,1.9515428234774284,0.06332046332046333
465,0,405.673,302,1021,58.8,F,18,Piano,0.0,0.7444419520155396,0.05759059745347698
1032,5,599.855,287,580,59.1,M,18,Quiz,0.0048449612403100775,0.47844895849830377,0.10189655172413793
1248,4,280.888,74,1302,97.8,M,10,Drawing,0.003205128205128205,0.26345020079177467,0.07511520737327189
327,3,247.401,383,1755,66.4,F,16,Drawing,0.009174311926605505,1.548093985068775,0.037834757834757836
871,4,70.63,179,1283,61.9,M,10,Drawing,0.004592422502870264,2.534333852470622,0.04824629773967264
977,0,94.956,316,889,43.5,M,9,None,0.0,3.3278571127680188,0.048931383577052866
1182,2,162.57,198,1552,87.0,F,13,Drawing,0.001692047377326565,1.217936888724857,0.05605670103092784
1303,3,431.449,309,1838,53.7,M,11,Piano,0.0023023791250959325,0.7161912531956268,0.029216539717083788
1019,4,434.961,173,621,65.6,M,11,Quiz,0.003925417075564278,0.39773680858743654,0.10563607085346215
967,4,272.896,204,291,68.9,M,8,Quiz,0.004136504653567736,0.7475375234521575,0.23676975945017184
797,4,66.63,111,1954,65.1,M,17,Piano,0.005018820577164366,1.665916253939667,0.033316274309109516
849,1,174.007,114,1236,40.7,M,9,Piano,0.001177856301531213,0.6551460573425207,0.03292880258899677
537,4,636.706,213,664,46.6,F,17,Quiz,0.0074487895716946,0.3345343062575192,0.07018072289156627
902,4,567.459,232,828,69.3,F,15,Piano,0.004434589800443459,0.40884011003438137,0.08369565217391305
793,2,285.909,91,220,97.4,F,16,None,0.0025220680958385876,0.3182830900741145,0.44272727272727275
391,0,455.874,474,328,88.5,M,13,Drawing,0.0,1.0397609865883994,0.2698170731707317
1320,1,619.122,493,431,67.7,F,17,Drawing,0.0007575757575757576,0.7962889382060402,0.15707656612529003
1001,2,330.525,128,1155,67.0,M,11,Piano,0.001998001998001998,0.3872626881476439,0.05800865800865801
1139,0,326.407,57,1044,42.3,M,9,None,0.0,0.17462860784235634,0.04051724137931034
607,2,67.277,182,347,84.3,M,15,Drawing,0.0032948929159802307,2.705233586515451,0.24293948126801151
635,2,457.484,77,762,50.4,M,18,None,0.0031496062992125984,0.16831189724667966,0.06614173228346457
549,5,519.388,369,337,41.3,M,9,Piano,0.009107468123861567,0.7104515314177454,0.12255192878338278
559,0,646.571,483,1162,47.3,F,16,None,0.0,0.747017728911442,0.04070567986230637
368,0,378.712,239,966,98.1,F,8,Piano,0.0,0.6310864192315004,0.1015527950310559
969,5,352.095,209,550,71.2,F,16,Piano,0.005159958720330237,0.59358979820787,0.12945454545454546
982,0,617.778,232,1888,62.6,M,14,None,0.0,0.37553943325919664,0.03315677966101695
1184,1,626.789,463,1948,80.6,F,16,None,0.0008445945945945946,0.7386855863775529,0.04137577002053388
312,4,231.83,81,1445,91.7,M,18,Quiz,0.01282051282051282,0.3493939524651684,0.06346020761245674
1142,1,442.279,198,1861,90.5,F,13,None,0.0008756567425569177,0.44768121479880346,0.04862976894142934
846,3,92.369,305,797,85.2,F,18,Quiz,0.0035460992907801418,3.3019736058634392,0.10690087829360101
969,4,471.864,485,482,97.9,F,16,Quiz,0.0041279669762641896,1.027838529745859,0.20311203319502075
287,3,500.414,220,620,75.4,M,11,Drawing,0.010452961672473868,0.4396359814073947,0.12161290322580647
218,4,116.348,157,1590,92.6,M,10,Piano,0.01834862385321101,1.3494000756351634,0.05823899371069182
561,1,65.608,178,1484,92.9,M,12,Drawing,0.0017825311942959,2.713083770271918,0.06260107816711591
1073,1,182.625,59,1628,84.0,F,7,Drawing,0.0009319664492078285,0.32306639288158795,0.051597051597051594
1122,1,273.586,62,1616,73.3,M,15,Drawing,0.00089126559714795,0.2266197831760397,0.04535891089108911
801,1,81.222,258,1237,85.0,F,14,Drawing,0.0012484394506866417,3.1764792790130754,0.068714632174616
1243,2,514.515,272,1214,68.2,M,13,Piano,0.0016090104585679806,0.5286531976715937,0.056177924217462934
331,4,446.662,443,735,53.0,M,14,Piano,0.012084592145015106,0.9918014068803704,0.07210884353741497
1021,4,77.472,309,387,87.7,M,10,Drawing,0.0039177277179236044,3.9885377942998765,0.22661498708010336
782,3,366.576,52,1951,46.2,M,11,Quiz,0.0038363171355498722,0.14185325826022432,0.023680164018452077
699,3,91.735,73,361,76.0,F,11,Quiz,0.004291845493562232,0.7957704256826729,0.21052631578947367
259,2,359.452,260,605,81.7,M,16,Drawing,0.007722007722007722,0.7233232809944026,0.13504132231404958
1197,4,533.958,241,218,66.4,F,18,Piano,0.003341687552213868,0.45134636057517635,0.30458715596330277
312,0,113.249,165,1336,75.9,F,11,Piano,0.0,1.4569665074305294,0.056811377245508984
1219,5,446.182,450,397,78.2,M,15,Drawing,0.004101722723543888,1.0085570462277724,0.1969773299748111
598,5,655.667,173,274,84.4,M,15,Quiz,0.008361204013377926,0.26385344999824606,0.30802919708029197
699,4,648.768,308,1172,82.0,F,9,Drawing,0.005722460658082976,0.4747459800729999,0.06996587030716724
909,0,618.7,100,956,43.4,F,10,None,0.0,0.16162922256343945,0.04539748953974895
1121,2,286.525,369,248,66.1,M,18,None,0.001784121320249777,1.2878457377192218,0.2665322580645161
555,5,439.334,175,942,94.2,F,9,Quiz,0.009009009009009009,0.39833019980242823,0.1
811,5,94.425,223,1587,48.1,M,12,Quiz,0.006165228113440197,2.361662695260789,0.030308758664146188
1184,3,68.055,155,613,42.2,F,12,Quiz,0.002533783783783784,2.2775696128131657,0.06884176182707993
469,1,223.442,231,1841,90.7,M,11,Piano,0.0021321961620469083,1.0338253327485432,0.04926670287887018
1040,4,572.707,156,795,77.2,F,16,Quiz,0.0038461538461538464,0.272390594143253,0.09710691823899371
395,1,307.068,56,1293,94.0,M,9,Drawing,0.002531645569620253,0.1823700287884117,0.07269914926527456
1371,4,91.407,191,1536,69.7,F,12,Piano,0.0029175784099197666,2.0895555045018437,0.04537760416666667
1354,1,174.906,354,570,98.3,F,9,Drawing,0.0007385524372230429,2.023944290075812,0.1724561403508772
644,0,73.243,166,1931,65.1,F,16,Piano,0.0,2.2664281910899335,0.03371310201967892
797,0,374.558,110,772,91.6,M,11,Drawing,0.0,0.2936794835512791,0.11865284974093264
622,5,389.852,147,1165,53.6,F,15,Quiz,0.008038585209003215,0.37706616869991694,0.04600858369098713
1041,4,144.717,71,1335,53.0,F,5,Quiz,0.0038424591738712775,0.49061271308830334,0.039700374531835204
1367,2,451.235,135,787,43.7,F,6,None,0.001463057790782736,0.29917892007490554,0.05552731893265566
770,1,647.815,292,760,52.1,F,10,None,0.0012987012987012987,0.4507459691424249,0.06855263157894737
731,1,258.459,263,1878,52.3,M,9,None,0.0013679890560875513,1.0175695177958592,0.02784877529286475
827,3,213.552,217,257,85.0,M,10,Quiz,0.0036275695284159614,1.0161459504008392,0.33073929961089493
1267,0,294.828,276,973,62.3,M,6,Drawing,0.0,0.9361390369978428,0.06402877697841726
578,1,116.138,246,506,51.7,M,13,Piano,0.0017301038062283738,2.1181697635571473,0.10217391304347827
207,3,536.506,213,684,78.1,F,14,Piano,0.014492753623188406,0.3970132673259945,0.11418128654970759
1327,1,154.931,317,585,59.0,M,18,None,0.0007535795026375283,2.046072122428694,0.10085470085470086
458,2,226.42,89,685,48.4,M,17,None,0.004366812227074236,0.3930748167123046,0.07065693430656934
1223,4,500.314,225,1842,58.8,M,11,Piano,0.003270645952575634,0.449717577361417,0.031921824104234525
565,5,574.981,186,1747,84.4,F,10,Quiz,0.008849557522123894,0.3234889500696545,0.048311390955924446
774,4,651.45,70,869,78.1,F,5,Drawing,0.00516795865633075,0.10745260572568884,0.08987341772151898
446,2,472.803,180,552,41.8,F,10,None,0.004484304932735426,0.380708244237029,0.07572463768115942
1221,4,645.048,314,1595,95.1,F,6,Drawing,0.003276003276003276,0.4867854795302055,0.05962382445141066
1142,3,336.018,262,1951,69.7,F,7,Quiz,0.002626970227670753,0.7797201340404384,0.03572526909277294
675,5,164.431,326,355,89.6,M,16,Drawing,0.007407407407407408,1.9825945229305908,0.2523943661971831
745,0,504.542,387,1537,76.8,M,9,Piano,0.0,0.7670322787795665,0.04996746909564086
472,4,544.524,399,1130,41.9,F,10,Quiz,0.00847457627118644,0.7327500716221874,0.037079646017699114
1289,2,472.483,205,1270,50.5,F,6,Piano,0.0015515903801396431,0.43387804428942417,0.03976377952755906
323,0,563.062,392,839,78.6,M,8,Drawing,0.0,0.6961933144129776,0.09368295589988081
342,4,79.947,166,1148,79.2,F,13,Piano,0.011695906432748537,2.0763755988342276,0.06898954703832753
750,0,533.857,382,1430,55.6,F,16,Piano,0.0,0.7155474218751464,0.038881118881118885
418,2,126.705,95,749,53.6,M,10,None,0.004784688995215311,0.7497730949844126,0.07156208277703605
901,2,308.069,383,1730,65.4,M,12,Drawing,0.0022197558268590455,1.2432279781477527,0.03780346820809249
1055,5,611.764,264,861,91.5,M,12,Quiz,0.004739336492890996,0.43153895946803017,0.10627177700348432
1098,1,480.289,333,1179,98.9,F,7,Drawing,0.0009107468123861566,0.6933325560235608,0.08388464800678541
962,3,558.466,324,1142,67.0,M,13,Piano,0.0031185031185031187,0.5801606543639183,0.05866900175131348
875,0,205.378,369,872,68.1,M,17,Drawing,0.0,1.79668708430309,0.07809633027522934
1020,2,196.037,383,421,75.9,M,18,Drawing,0.00196078431372549,1.9537128195187643,0.1802850356294537
1187,1,461.351,159,1821,93.5,M,8,None,0.0008424599831508003,0.3446399812723935,0.05134541460735859
1239,4,563.729,481,1893,65.8,M,11,None,0.003228410008071025,0.8532468615238882,0.034759640781827784
860,4,211.637,221,1212,45.6,M,18,Quiz,0.004651162790697674,1.0442408463548434,0.03762376237623762
1258,0,98.877,114,1231,71.0,M,8,Piano,0.0,1.1529476015655815,0.057676685621445976
637,3,339.124,64,858,93.6,F,16,Quiz,0.004709576138147566,0.1887215295879973,0.10909090909090909
732,2,327.593,206,378,54.2,F,12,Piano,0.00273224043715847,0.6288290653341189,0.1433862433862434
739,3,291.091,116,1053,55.8,M,16,Piano,0.0040595399188092015,0.3985008124607082,0.05299145299145299
1150,0,364.266,136,1485,93.5,F,15,Drawing,0.0,0.37335353834834983,0.06296296296296296
772,3,423.047,332,1871,54.3,F,5,Piano,0.0038860103626943004,0.7847827782728632,0.02902191341528594
292,4,349.707,191,1514,66.8,M,13,Drawing,0.0136986301369863,0.5461715092920645,0.044121532364597094
852,4,63.309,351,1080,53.1,F,5,Quiz,0.004694835680751174,5.544235416765389,0.04916666666666667
1091,0,263.655,390,1980,74.3,M,8,None,0.0,1.4792057802810492,0.037525252525252524
581,0,298.606,86,1016,77.0,F,14,Drawing,0.0,0.28800492957274804,0.07578740157480315
1018,2,364.955,90,1774,69.6,F,9,Drawing,0.0019646365422396855,0.2466057459138798,0.03923337091319053
1106,4,618.585,94,200,63.4,M,18,Quiz,0.003616636528028933,0.15195971450972784,0.317
783,4,489.134,317,644,58.6,M,16,Quiz,0.005108556832694764,0.648084165075419,0.09099378881987578
1187,1,493.557,202,1058,40.1,F,11,Piano,0.0008424599831508003,0.4092739035207686,0.03790170132325142
630,0,422.881,387,1881,46.9,F,17,Piano,0.0,0.9151510708686369,0.024933545986177565
838,3,281.801,196,1974,65.1,F,5,Piano,0.003579952267303103,0.6955262756342242,0.03297872340425532
531,1,252.97,90,1993,80.1,M,5,None,0.0018832391713747645,0.35577341186701983,0.04019066733567486
649,2,416.79,315,1109,78.2,M,14,Drawing,0.0030816640986132513,0.7557762902180954,0.07051397655545537
970,3,443.364,166,1737,71.8,M,13,Quiz,0.003092783505154639,0.37441019117474583,0.041335636154289
495,1,67.036,317,618,66.9,F,18,Drawing,0.00202020202020202,4.728802434512799,0.10825242718446602
1185,4,133.925,98,1350,60.6,M,17,Quiz,0.0033755274261603376,0.7317528467425798,0.04488888888888889
476,5,571.957,469,810,44.7,F,13,Quiz,0.01050420168067227,0.8199917126637143,0.05518518518518519
1253,3,195.994,337,1674,67.0,M,9,Drawing,0.0023942537909018356,1.7194403910323786,0.04002389486260454
1286,2,409.901,362,1341,82.3,F,13,Piano,0.0015552099533437014,0.8831400752864715,0.061372110365398955
639,3,318.748,245,620,93.4,F,11,Quiz,0.004694835680751174,0.7686322737711295,0.1506451612903226
1113,3,64.033,175,594,58.7,M,8,Piano,0.0026954177897574125,2.7329658145018976,0.09882154882154882
1129,3,408.713,370,1254,81.3,F,9,Quiz,0.002657218777679362,0.9052807226586871,0.06483253588516746
1125,2,379.68,94,1995,46.0,F,9,None,0.0017777777777777779,0.24757690686894226,0.02305764411027569
562,2,156.175,355,461,85.4,F,10,Drawing,0.0035587188612099642,2.2730910837201854,0.18524945770065077
741,1,600.95,174,1772,97.4,M,9,Drawing,0.001349527665317139,0.28954155919793656,0.05496613995485328
1310,5,422.369,250,568,45.3,M,7,Piano,0.003816793893129771,0.591899500200062,0.07975352112676055
308,5,385.386,214,1712,73.2,M,18,Piano,0.016233766233766232,0.5552874261130398,0.04275700934579439
1020,2,563.968,436,1777,89.6,M,10,Piano,0.00196078431372549,0.7730935088515661,0.050422059651097355
540,5,467.11,70,499,89.8,M,14,Drawing,0.009259259259259259,0.1498576352465158,0.17995991983967935
682,4,436.367,188,1195,64.1,M,5,Quiz,0.005865102639296188,0.4308300123519881,0.05364016736401673
303,5,402.196,299,986,52.1,M,16,Quiz,0.0165016501650165,0.7434186317119016,0.05283975659229209
716,0,487.242,423,1882,47.9,F,16,Piano,0.0,0.8681517603162289,0.02545164718384697
466,5,380.565,189,445,47.8,M,9,Quiz,0.01072961373390558,0.4966300106420717,0.10741573033707864
675,4,537.321,69,757,42.1,M,11,Quiz,0.005925925925925926,0.12841485815741427,0.05561426684280053
1082,2,368.254,157,1971,85.3,F,5,None,0.0018484288354898336,0.4263361701434336,0.043277524099441904
1325,2,182.137,265,606,63.2,F,11,Drawing,0.0015094339622641509,1.4549487473714842,0.1042904290429043
698,1,496.156,486,1173,67.4,M,13,Drawing,0.0014326647564469914,0.979530631494933,0.057459505541346975
971,4,346.367,378,315,40.2,F,7,Quiz,0.004119464469618949,1.0913279844788908,0.12761904761904763
936,2,247.451,372,642,41.8,M,5,None,0.002136752136752137,1.5033279315904968,0.06510903426791277
486,1,346.583,398,1949,83.4,M,18,None,0.00205761316872428,1.1483540739159162,0.04279117496151873
519,5,447.327,253,393,60.0,F,14,Drawing,0.009633911368015413,0.5655817779834439,0.15267175572519084
256,5,65.327,68,1593,80.6,F,18,Drawing,0.01953125,1.0409172317724678,0.05059635907093534
741,2,503.46,74,1772,84.4,M,12,Drawing,0.002699055330634278,0.1469828784809121,0.04762979683972912
847,4,553.978,250,1350,93.1,M,17,Drawing,0.004722550177095631,0.4512814588304951,0.06896296296296296
1001,5,228.481,309,613,41.5,F,12,Quiz,0.004995004995004995,1.3524100472249334,0.06769983686786298
1109,3,406.801,339,244,97.3,M,7,Quiz,0.002705139765554554,0.8333312848296833,0.39877049180327867
1135,0,360.875,283,1603,82.4,F,6,Drawing,0.0,0.7842050571527537,0.05140361821584529
1236,3,578.904,500,1103,57.6,F,6,None,0.0024271844660194173,0.8637010626977876,0.052221214868540346
1250,5,253.219,102,520,72.9,F,18,Drawing,0.004,0.4028133749837098,0.1401923076923077
1276,2,449.338,263,230,93.3,M,17,Piano,0.001567398119122257,0.585305493859856,0.4056521739130435
1297,1,553.681,103,1787,78.2,M,18,Drawing,0.0007710100231303007,0.18602769464727884,0.04376049244543929
611,5,554.343,457,1046,73.2,F,18,Quiz,0.008183306055646482,0.8243993339863587,0.06998087954110899
1282,1,301.269,339,1049,89.4,F,17,Drawing,0.00078003120124805,1.1252402338109795,0.08522402287893233
1072,3,301.87,290,1217,87.0,M,15,Drawing,0.002798507462686567,0.9606784377380991,0.0714872637633525
493,0,97.676,355,1999,40.2,F,10,None,0.0,3.6344649658053156,0.020110055027513757
1088,4,619.463,170,776,47.8,M,16,Quiz,0.003676470588235294,0.2744312412525042,0.06159793814432989
627,3,534.148,448,1018,66.0,M,15,Quiz,0.004784688995215311,0.8387188569460149,0.06483300589390963
890,4,129.73,267,1128,95.8,F,12,Quiz,0.0044943820224719105,2.0581207122485163,0.0849290780141844
1105,4,488.541,62,1324,98.0,F,11,Drawing,0.0036199095022624436,0.12690848874505928,0.07401812688821752
630,0,239.129,70,1178,78.1,M,5,Drawing,0.0,0.2927290291014473,0.06629881154499151
1112,4,359.641,77,1223,66.0,M,14,Quiz,0.0035971223021582736,0.21410239655656613,0.05396565821749796
426,3,61.732,62,409,73.1,F,6,Drawing,0.007042253521126761,1.0043413464653663,0.1787286063569682
848,0,582.728,359,1151,78.9,M,6,Drawing,0.0,0.6160678738622479,0.0685490877497828
1396,4,237.476,265,975,79.1,M,11,Drawing,0.0028653295128939827,1.115902238542,0.08112820512820512
1251,5,447.544,198,739,82.8,F,7,Drawing,0.003996802557953637,0.4424146005755859,0.11204330175913396
555,4,232.733,276,1748,43.5,F,5,Quiz,0.007207207207207207,1.1859083155375474,0.02488558352402746
764,3,120.02,123,757,54.5,F,10,Piano,0.003926701570680628,1.0248291951341444,0.07199471598414796
1067,5,308.599,160,813,71.9,F,6,Piano,0.004686035613870665,0.5184721920680235,0.0884378843788438
740,2,587.466,427,1411,63.9,F,12,Piano,0.002702702702702703,0.7268505751822233,0.04528703047484054
1379,0,373.299,235,1725,41.0,F,11,Piano,0.0,0.6295221792718438,0.023768115942028985
944,1,169.225,273,1724,60.5,M,18,Drawing,0.001059322033898305,1.613236814891417,0.03509280742459397
718,3,445.758,61,1751,74.1,M,14,Quiz,0.004178272980501393,0.13684555296820247,0.04231867504283266
822,2,74.181,380,975,87.0,F,17,Drawing,0.0024330900243309003,5.12260551893342,0.08923076923076922
1268,5,151.549,153,394,82.6,M,12,Piano,0.003943217665615142,1.009574461065398,0.2096446700507614
611,4,509.214,477,1441,74.9,F,6,Drawing,0.006546644844517185,0.9367377958972063,0.051977793199167246
807,3,387.234,192,739,86.6,M,11,Quiz,0.0037174721189591076,0.495824230310355,0.11718538565629227
561,0,434.071,443,706,74.7,M,14,Piano,0.0,1.0205703675205209,0.10580736543909348
655,3,293.288,370,1272,96.8,M,9,Drawing,0.004580152671755725,1.2615586045116063,0.07610062893081761
758,0,474.69,331,1976,95.8,F,10,Piano,0.0,0.697297183424972,0.048481781376518214
560,2,86.783,210,1145,58.1,F,8,Piano,0.0035714285714285713,2.419828768307157,0.05074235807860262
1345,4,638.348,439,1517,95.7,F,17,Drawing,0.002973977695167286,0.687712658299235,0.06308503625576796
913,5,320.122,271,202,49.9,F,6,Quiz,0.00547645125958379,0.8465522519539426,0.24702970297029703
692,2,465.284,258,1975,99.7,M,12,Piano,0.002890173410404624,0.5545000472829498,0.05048101265822785
1062,3,456.127,218,471,78.2,F,15,Drawing,0.002824858757062147,0.4779370657733482,0.16602972399150745
1216,3,215.985,138,473,75.6,F,18,Piano,0.0024671052631578946,0.6389332592541148,0.159830866807611
353,5,174.255,334,1794,61.3,F,10,Quiz,0.014164305949008499,1.9167312272244699,0.034169453734671125
444,1,641.199,57,1364,91.3,M,15,Drawing,0.0022522522522522522,0.0888959589768543,0.06693548387096775
694,5,445.01,88,792,49.8,F,8,Quiz,0.007204610951008645,0.19774836520527628,0.06287878787878788
292,5,422.442,470,273,87.1,F,6,None,0.017123287671232876,1.1125787682096004,0.319047619047619
370,4,193.468,301,1071,90.9,F,16,Drawing,0.010810810810810811,1.5558128476027044,0.08487394957983194
989,4,207.73,398,1674,93.7,F,15,Quiz,0.004044489383215369,1.9159485871082655,0.05597371565113501
866,1,656.946,209,800,85.7,F,8,Drawing,0.0011547344110854503,0.3181387815741324,0.107125
1179,3,513.313,212,1834,97.1,M,7,Quiz,0.002544529262086514,0.4130033722114967,0.05294438386041439
1240,1,656.458,398,892,61.5,F,18,Drawing,0.0008064516129032258,0.6062840273102011,0.06894618834080718
313,0,175.147,165,1489,90.4,F,5,Piano,0.0,0.9420658075787768,0.060711887172599066
553,4,195.159,117,908,83.1,M,9,Drawing,0.007233273056057866,0.5995111678170107,0.09151982378854624
787,1,564.635,158,899,65.8,M,7,Drawing,0.0012706480304955528,0.2798267907586317,0.0731924360400445
353,4,312.088,181,990,68.6,M,11,Drawing,0.0113314447592068,0.5799646253620773,0.06929292929292928
1332,4,213.441,196,311,91.3,F,8,Drawing,0.003003003003003003,0.9182865522556585,0.2935691318327974
674,3,237.44,244,1590,88.7,F,13,Drawing,0.004451038575667656,1.0276280323450135,0.05578616352201258
1193,4,523.445,53,489,92.6,M,8,Quiz,0.003352891869237217,0.10125228056433817,0.18936605316973415
827,4,82.58,303,380,85.9,M,12,Quiz,0.0048367593712212815,3.669169290385081,0.2260526315789474
899,5,277.668,362,1873,52.0,M,13,Quiz,0.0055617352614015575,1.3037152282582076,0.027762947143619862
1308,4,322.927,228,541,83.8,M,10,Drawing,0.0030581039755351682,0.706041922787503,0.15489833641404804
619,0,569.904,392,505,93.8,F,10,Piano,0.0,0.6878351441646312,0.18574257425742574
405,0,282.936,96,1963,99.1,M,15,None,0.0,0.33929934684875734,0.05048395313295975
412,5,414.973,290,471,44.7,F,10,Quiz,0.012135922330097087,0.6988406474638109,0.09490445859872612
231,2,221.681,303,720,56.1,F,14,None,0.008658008658008658,1.3668289118147248,0.07791666666666666
925,0,277.388,97,635,77.9,F,14,Drawing,0.0,0.3496906859705539,0.12267716535433072
1068,5,529.22,240,1952,50.3,M,9,Quiz,0.0046816479400749065,0.45349760024186536,0.02576844262295082
303,2,542.914,456,1601,83.7,M,12,Drawing,0.006600660066006601,0.8399120302663037,0.052279825109306684
962,0,177.34,190,781,60.1,F,13,Drawing,0.0,1.0713882936731702,0.07695262483994879
760,3,463.304,158,382,73.0,M,7,Quiz,0.003947368421052632,0.3410287845561446,0.19109947643979058
1323,3,290.997,388,242,90.3,M,14,None,0.0022675736961451248,1.3333470791795103,0.3731404958677686
1025,0,643.125,238,958,54.1,F,18,None,0.0,0.37006802721088433,0.05647181628392484
1101,0,381.109,217,538,65.8,M,17,Piano,0.0,0.5693909091624706,0.12230483271375464
1199,4,637.87,495,1706,97.1,M,10,Drawing,0.003336113427856547,0.7760201922021729,0.056916764361078544
1312,3,466.969,477,1374,59.0,M,15,None,0.0022865853658536584,1.0214810833267305,0.04294032023289665
512,4,102.606,255,574,74.3,F,7,Drawing,0.0078125,2.48523478159172,0.1294425087108014
699,3,172.336,61,1349,63.4,M,7,Quiz,0.004291845493562232,0.3539597066196267,0.04699777613046701
1101,0,318.755,383,1292,44.1,M,16,None,0.0,1.2015497796113002,0.03413312693498452
249,0,471.952,246,1673,52.3,M,5,Piano,0.0,0.5212394480794658,0.031261207411835024
488,4,531.702,440,1814,47.0,M,8,Quiz,0.00819672131147541,0.8275312110919274,0.025909592061742006
959,3,226.99,387,1030,65.9,M,10,Quiz,0.0031282586027111575,1.7049209216265033,0.06398058252427186
401,0,121.976,107,1548,98.7,F,14,Piano,0.0,0.8772217485406966,0.06375968992248063
624,0,268.261,253,1806,55.9,M,6,None,0.0,0.9431113728793972,0.03095238095238095
407,1,232.764,123,365,98.1,F,6,Piano,0.002457002457002457,0.5284322317884209,0.2687671232876712
418,4,616.239,69,752,45.5,M,11,Quiz,0.009569377990430622,0.11196954428395475,0.06050531914893617
795,2,449.751,463,1532,40.9,F,7,None,0.0025157232704402514,1.0294585226047301,0.026697127937336813
272,0,463.906,375,944,71.5,M,10,Piano,0.0,0.8083534164248791,0.07574152542372882
612,3,628.987,203,465,76.7,F,6,Quiz,0.004901960784313725,0.3227411695313258,0.16494623655913979
759,4,181.782,327,1067,82.1,F,7,Quiz,0.005270092226613966,1.7988579727365746,0.07694470477975632
1080,4,410.339,354,1360,67.0,M,16,Quiz,0.003703703703703704,0.86270132743902,0.04926470588235294
1296,4,430.967,465,461,98.6,F,8,Drawing,0.0030864197530864196,1.0789689233746436,0.21388286334056397
569,2,320.583,293,1730,45.1,M,14,None,0.0035149384885764497,0.9139598793448186,0.026069364161849712
566,3,321.076,122,1114,75.4,M,16,Quiz,0.00530035335689046,0.37997234299667365,0.06768402154398565
1264,1,481.221,217,238,52.0,M,13,Piano,0.0007911392405063291,0.450936264211246,0.2184873949579832
1270,0,188.858,118,498,54.9,M,8,Piano,0.0,0.6248080568469432,0.11024096385542169
260,1,500.373,363,1384,80.4,F,15,Drawing,0.0038461538461538464,0.7254588077294338,0.058092485549132954
838,2,356.594,368,788,87.2,F,11,Drawing,0.002386634844868735,1.0319859560172073,0.11065989847715736
1069,0,212.268,140,1973,57.5,M,14,Piano,0.0,0.6595435958316844,0.02914343639128231
920,0,183.937,156,494,56.1,F,14,Piano,0.0,0.8481164746625203,0.11356275303643724
748,0,81.04,236,1052,64.7,F,5,Drawing,0.0,2.9121421520236916,0.06150190114068441
941,1,360.158,163,1475,48.7,M,15,None,0.0010626992561105207,0.45257914581933484,0.03301694915254237
262,5,531.844,235,1408,52.1,M,16,Piano,0.019083969465648856,0.4418588909529862,0.03700284090909091
1074,5,77.015,256,1352,85.9,F,11,Drawing,0.004655493482309125,3.32402778679478,0.06353550295857989
320,0,615.34,390,1207,71.0,F,6,Drawing,0.0,0.6337959502063899,0.058823529411764705
1059,4,508.813,500,820,89.6,M,14,Quiz,0.003777148253068933,0.9826792947507238,0.10926829268292683
268,0,246.194,332,511,73.2,M,8,Drawing,0.0,1.348530021040318,0.1432485322896282
260,1,557.962,202,1972,58.5,M,9,Piano,0.0038461538461538464,0.36203182295568515,0.02966531440162272
821,1,284.486,363,1006,53.9,F,11,None,0.001218026796589525,1.2759854614989843,0.05357852882703777
1028,0,106.662,158,746,60.9,M,9,Piano,0.0,1.481314807522829,0.08163538873994639
286,0,267.214,362,1094,76.6,F,9,Drawing,0.0,1.354719438352781,0.07001828153564899
852,5,291.267,161,1268,49.9,M,9,Piano,0.005868544600938967,0.5527574356174919,0.039353312302839116
684,5,534.449,143,861,72.5,M,6,Drawing,0.007309941520467836,0.26756528686553815,0.08420441347270616
434,1,589.879,171,1873,78.1,M,18,None,0.002304147465437788,0.2898899604834212,0.04169781099839829
873,0,187.348,60,405,50.0,M,8,None,0.0,0.3202596238016952,0.12345679012345678
1350,2,261.74,201,1807,99.2,M,10,Piano,0.0014814814814814814,0.7679376480476808,0.054897620365246265
1157,0,385.084,379,374,85.2,M,5,Piano,0.0,0.9842008496847441,0.22780748663101605
340,5,405.821,142,438,46.9,F,6,Quiz,0.014705882352941176,0.3499079643488139,0.10707762557077626
1031,4,262.661,177,1055,81.5,M,9,Drawing,0.0038797284190106693,0.6738724058767765,0.07725118483412323
504,2,182.794,354,1326,65.2,M,9,Drawing,0.003968253968253968,1.9366062343402954,0.04917043740573152
728,2,101.497,302,1610,73.6,M,18,Drawing,0.0027472527472527475,2.9754574026818528,0.04571428571428571
615,1,212.217,74,867,81.8,M,15,Drawing,0.0016260162601626016,0.34869968004448276,0.09434832756632064
1316,0,585.377,474,698,47.6,F,5,None,0.0,0.8097345813040144,0.06819484240687679
917,4,170.249,320,1098,40.8,F,13,Quiz,0.004362050163576881,1.8795998801755076,0.03715846994535519
256,1,601.966,97,393,44.0,F,18,None,0.00390625,0.1611386689613699,0.11195928753180662
915,0,506.592,384,931,72.7,F,10,Piano,0.0,0.7580064430547659,0.07808807733619764
1033,4,543.093,384,731,99.8,M,6,Drawing,0.003872216844143272,0.7070612215587386,0.1365253077975376
522,2,102.072,255,239,44.1,F,17,None,0.0038314176245210726,2.498236538913708,0.18451882845188286
1042,1,270.317,145,1637,53.1,F,8,Piano,0.0009596928982725527,0.5364072551855784,0.03243738546120953
1104,3,439.825,366,1727,72.9,F,5,Quiz,0.002717391304347826,0.8321491502302052,0.04221192819918935
449,1,529.958,478,1006,80.6,F,12,Drawing,0.0022271714922048997,0.9019582683910801,0.08011928429423458
684,2,432.905,78,770,50.2,F,5,None,0.0029239766081871343,0.18017809912105429,0.0651948051948052
1124,1,605.845,264,1190,75.8,M,16,Drawing,0.0008896797153024911,0.435755019848311,0.06369747899159664
1003,1,407.863,111,1137,58.4,F,14,None,0.0009970089730807576,0.2721502073000002,0.05136323658751099
466,5,292.113,153,1282,51.1,M,17,Quiz,0.01072961373390558,0.5237699109591152,0.03985959438377535
933,3,495.331,444,1430,73.5,M,6,Piano,0.003215434083601286,0.8963703059166497,0.0513986013986014
595,2,553.92,195,1541,87.8,F,6,Drawing,0.0033613445378151263,0.3520363951473137,0.05697598961713173
704,2,624.38,271,260,59.5,F,18,None,0.002840909090909091,0.43403055831384735,0.22884615384615384
1122,3,555.084,123,1198,86.6,M,16,Quiz,0.00267379679144385,0.2215880839656701,0.07228714524207011
1086,5,532.812,406,539,62.1,F,11,Quiz,0.004604051565377533,0.7619948499658415,0.11521335807050093
1293,4,588.391,212,1814,73.4,M,10,Piano,0.0030935808197989174,0.36030462736513647,0.04046306504961412
889,5,317.82,236,1727,59.5,F,18,Quiz,0.00562429696287964,0.7425586810144107,0.034452808338158655
276,5,116.691,313,530,88.8,M,12,Drawing,0.018115942028985508,2.6822976921956276,0.16754716981132076
887,2,660.334,348,1156,84.9,M,10,Drawing,0.002254791431792559,0.5270060302816454,0.07344290657439446
657,2,659.575,212,550,42.4,F,17,None,0.0030441400304414,0.32141909562976156,0.07709090909090908
1002,3,595.918,454,698,64.4,M,17,Drawing,0.0029940119760479044,0.7618497847019221,0.09226361031518625
700,2,69.461,163,1656,85.7,M,16,Drawing,0.002857142857142857,2.346640560890284,0.051751207729468604
714,4,579.524,187,538,74.9,M,15,Quiz,0.0056022408963585435,0.32267861210234605,0.13921933085501859
882,1,485.146,476,1888,53.7,M,7,None,0.0011337868480725624,0.9811479430934192,0.028442796610169494
850,5,283.263,77,1932,78.0,M,11,Quiz,0.0058823529411764705,0.2718321842245546,0.040372670807453416
979,1,450.355,162,369,82.9,M,7,Drawing,0.0010214504596527069,0.3597162238678376,0.22466124661246614
487,2,560.532,204,1790,91.8,M,18,Drawing,0.004106776180698152,0.36393997131296696,0.05128491620111732
476,3,360.716,474,770,81.8,M,15,Quiz,0.0063025210084033615,1.3140531609354726,0.10623376623376624
1117,2,509.424,376,1483,64.8,F,14,Drawing,0.0017905102954341987,0.7380885078048934,0.04369521240728253
1142,0,563.258,191,1657,41.1,F,10,None,0.0,0.3390986013514233,0.024803862401931203
574,2,480.483,317,1519,88.2,F,5,Drawing,0.003484320557491289,0.6597527904213052,0.05806451612903226
1379,1,301.534,371,1004,90.0,F,7,Drawing,0.0007251631617113851,1.230375347390344,0.08964143426294821
1075,2,91.246,57,1252,65.4,F,8,Drawing,0.0018604651162790699,0.6246849176950223,0.05223642172523962
839,3,589.465,193,1141,79.5,F,5,Quiz,0.003575685339690107,0.32741553781819105,0.06967572304995617
1154,2,503.193,137,1479,88.2,F,17,Drawing,0.0017331022530329288,0.27226133908858036,0.05963488843813387
411,4,599.317,288,1446,98.4,M,7,Drawing,0.009732360097323601,0.4805470226941669,0.06804979253112034
565,3,268.852,358,1854,63.8,M,9,Quiz,0.005309734513274336,1.3315876392959696,0.034412081984897515
1124,2,391.678,147,1294,52.6,M,14,None,0.0017793594306049821,0.37530828895163887,0.04064914992272025
475,1,221.406,101,982,48.8,F,15,Piano,0.002105263157894737,0.4561755327317236,0.04969450101832994
783,3,227.299,159,391,58.0,M,9,Piano,0.0038314176245210726,0.699519135587926,0.1483375959079284
849,3,273.547,174,1236,43.8,F,16,Quiz,0.0035335689045936395,0.6360881311072685,0.03543689320388349
365,5,351.207,60,1525,88.2,F,10,Quiz,0.0136986301369863,0.17083941948765258,0.057836065573770495
1351,5,247.326,161,1669,92.5,F,10,Piano,0.003700962250185048,0.6509626970071889,0.05542240862792091
1024,1,229.433,275,976,51.4,M,14,None,0.0009765625,1.1986070007365985,0.052663934426229506
1171,0,578.184,320,1030,47.6,M,6,Piano,0.0,0.5534570309797573,0.046213592233009713
1255,0,625.192,267,1954,71.4,M,5,None,0.0,0.4270688044632689,0.03654042988741044
646,3,350.392,260,643,61.7,M,13,Quiz,0.0046439628482972135,0.7420260736546497,0.09595645412130638
1111,3,310.103,273,1029,94.2,F,6,Quiz,0.0027002700270027003,0.8803526570204093,0.09154518950437318
1178,4,408.168,395,469,78.7,M,5,Drawing,0.003395585738539898,0.9677387742302189,0.1678038379530917
1044,2,144.875,169,419,49.9,F,13,Piano,0.0019157088122605363,1.1665228645383952,0.11909307875894988
957,1,602.818,145,1220,74.6,M,16,Drawing,0.0010449320794148381,0.24053694481584825,0.06114754098360655
384,5,285.103,148,1105,62.0,M,12,Drawing,0.013020833333333334,0.5191106372083072,0.056108597285067875
1026,4,538.352,239,507,80.4,F,5,Quiz,0.003898635477582846,0.44394745445359174,0.15857988165680476
924,1,373.694,432,1629,85.1,M,18,Piano,0.0010822510822510823,1.1560260534019813,0.05224063842848373
475,3,510.91,487,1131,67.5,M,14,Quiz,0.00631578947368421,0.9532011508876318,0.05968169761273209
1281,1,630.05,328,1909,76.6,M,5,None,0.00078064012490242,0.5205936036822475,0.040125720272393924
1334,2,414.559,278,1720,86.4,M,14,Piano,0.0014992503748125937,0.6705921231959745,0.05023255813953489
1225,5,318.421,335,1070,96.1,F,11,Drawing,0.004081632653061225,1.0520662895977337,0.08981308411214953
437,5,345.888,220,805,52.3,F,17,Quiz,0.011441647597254004,0.6360440373762606,0.06496894409937888
827,0,341.466,102,670,77.6,M,12,Drawing,0.0,0.2987120240375323,0.11582089552238806
507,0,564.347,50,1267,41.5,M,13,None,0.0,0.08859797252399676,0.032754538279400155
339,0,524.802,490,1103,56.9,F,13,None,0.0,0.9336854661377052,0.051586582048957386
306,1,295.648,188,814,47.5,F,16,Piano,0.0032679738562091504,0.6358913302305443,0.05835380835380835
615,1,467.113,390,623,95.7,M,5,Drawing,0.0016260162601626016,0.8349157484377442,0.1536115569823435
813,4,510.405,359,1935,86.5,F,6,Quiz,0.004920049200492005,0.7033630156444393,0.04470284237726098
1055,0,259.656,112,303,96.0,M,15,Drawing,0.0,0.43133992667221244,0.31683168316831684
1229,2,175.578,77,1773,96.8,M,5,Drawing,0.0016273393002441008,0.4385515269566802,0.05459672870840383
376,2,264.202,318,507,80.7,M,8,Drawing,0.005319148936170213,1.2036244994360377,0.1591715976331361
899,5,537.483,301,1578,48.5,M,13,Piano,0.0055617352614015575,0.5600177121881065,0.03073510773130545
1096,1,266.375,345,808,96.1,M,16,Drawing,0.0009124087591240876,1.2951665884561239,0.11893564356435643
569,3,179.293,186,566,49.8,F,12,Piano,0.005272407732864675,1.037408041585561,0.08798586572438162
853,4,328.475,339,1802,54.8,M,12,Quiz,0.004689331770222743,1.0320420123297054,0.03041065482796892
1201,0,511.457,497,1583,74.7,F,10,Drawing,0.0,0.9717336941326445,0.04718888186986734
1228,2,514.986,162,470,67.7,M,12,Drawing,0.0016286644951140066,0.3145716582586711,0.14404255319148937
361,1,598.233,181,286,57.9,M,9,None,0.002770083102493075,0.3025576990904882,0.20244755244755244
869,2,265.607,389,1656,89.3,F,5,Drawing,0.0023014959723820483,1.464569834379365,0.05392512077294686
1083,5,469.974,299,1077,75.8,M,18,Piano,0.0046168051708217915,0.6362054071076273,0.07038068709377901
1183,0,294.462,119,824,42.7,M,9,Piano,0.0,0.40412684828602674,0.051820388349514565
290,1,123.618,276,925,71.4,F,11,Drawing,0.0034482758620689655,2.232684560500898,0.0771891891891892
337,0,626.538,249,702,55.2,F,7,None,0.0,0.3974220238836272,0.07863247863247863
510,4,131.344,286,1069,52.9,F,9,Quiz,0.00784313725490196,2.1774881227920577,0.049485500467726845
951,1,504.059,237,1018,79.5,M,15,Drawing,0.0010515247108307045,0.4701830539678887,0.07809430255402751
916,2,509.645,497,1668,54.8,F,16,None,0.002183406113537118,0.9751886116806797,0.0328537170263789
805,0,79.099,235,1919,60.9,F,14,Piano,0.0,2.9709604419777746,0.031735278791037
1056,3,374.675,327,751,99.4,M,8,Quiz,0.002840909090909091,0.8727563888703542,0.13235685752330228
893,1,554.955,258,221,68.6,M,13,Piano,0.0011198208286674132,0.464902559667,0.3104072398190045
901,0,257.236,139,1876,45.1,M,12,Piano,0.0,0.5403598252188652,0.02404051172707889
628,5,399.979,63,1462,48.4,M,18,Quiz,0.007961783439490446,0.15750826918413216,0.03310533515731874
468,0,225.73,212,1283,47.1,M,10,Piano,0.0,0.9391751207194436,0.03671083398285269
606,0,421.611,352,1228,58.7,F,14,Piano,0.0,0.8348928277488017,0.047801302931596096
770,1,643.662,322,1472,82.9,F,10,Drawing,0.0012987012987012987,0.5002625601635641,0.0563179347826087
583,3,129.931,68,774,96.3,M,11,Drawing,0.005145797598627788,0.523354703650399,0.12441860465116279
618,2,199.12,212,321,90.0,M,5,Drawing,0.003236245954692557,1.064684612294094,0.2803738317757009
580,0,600.455,99,1288,66.6,F,17,Drawing,0.0,0.1648749698145573,0.051708074534161486
1025,5,227.138,288,1007,49.4,F,17,Quiz,0.004878048780487805,1.2679516417332195,0.0490566037735849
628,1,161.09,286,1417,73.4,F,18,Drawing,0.0015923566878980893,1.7754050530759202,0.051799576570218775
991,2,217.668,94,1161,93.2,F,12,Drawing,0.0020181634712411706,0.4318503408861201,0.08027562446167097
570,1,250.269,335,1681,58.9,F,16,None,0.0017543859649122807,1.3385597097523065,0.03503866745984533
932,3,326.786,222,862,90.0,F,9,Piano,0.003218884120171674,0.6793436683334048,0.10440835266821345
693,3,287.803,55,487,66.0,F,14,Quiz,0.004329004329004329,0.19110294194292624,0.13552361396303902
807,0,245.389,261,1229,59.5,F,14,None,0.0,1.0636173585613047,0.048413344182262
1329,2,488.42,145,1611,59.5,M,7,None,0.0015048908954100827,0.29687563981818926,0.03693358162631906
1178,4,575.172,340,1757,47.9,M,13,Piano,0.003395585738539898,0.5911275235929426,0.02726237905520774
978,4,655.19,52,1616,76.2,F,11,Quiz,0.00408997955010225,0.07936629069430241,0.047153465346534654
312,2,624.056,328,913,77.4,F,5,Drawing,0.00641025641025641,0.5255938569615547,0.08477546549835707
1270,3,388.422,79,480,49.6,M,9,None,0.002362204724409449,0.20338703780939285,0.10333333333333333
567,0,539.124,363,805,46.0,M,12,Piano,0.0,0.6733144879471141,0.05714285714285714
315,1,106.161,60,1820,90.1,M,13,None,0.0031746031746031746,0.5651793031339192,0.049505494505494504
702,0,199.117,113,457,95.6,M,11,Drawing,0.0,0.5675055369456149,0.20919037199124726
1218,2,312.422,292,1753,91.5,F,10,Drawing,0.0016420361247947454,0.9346332844678031,0.05219623502567028
855,5,529.751,480,438,42.4,M,14,Quiz,0.005847953216374269,0.9060860668502749,0.09680365296803653
1198,5,387.063,364,482,74.0,F,16,Drawing,0.004173622704507512,0.9404153845756376,0.15352697095435686
774,3,316.099,303,1778,88.3,M,11,Quiz,0.003875968992248062,0.9585604509979468,0.04966254218222722
1180,4,114.04,341,995,43.0,M,12,Quiz,0.003389830508474576,2.9901788846018937,0.04321608040201005
1125,5,512.233,229,1347,85.5,M,16,Quiz,0.0044444444444444444,0.4470621767828313,0.06347438752783964
660,1,185.362,214,226,94.6,M,8,Piano,0.0015151515151515152,1.1544976856097797,0.41858407079646015
480,5,268.282,273,983,50.3,M,8,Quiz,0.010416666666666666,1.017585972968742,0.051169888097660224
1253,4,262.857,83,852,54.8,F,8,None,0.0031923383878691143,0.31576104117447884,0.06431924882629107
733,3,598.31,469,1040,53.8,F,17,Quiz,0.004092769440654843,0.7838745800671894,0.051730769230769226
781,3,464.103,490,347,80.4,M,10,Drawing,0.0038412291933418692,1.0558001133369102,0.23170028818443805
1115,5,381.627,327,1188,99.4,F,6,Quiz,0.004484304932735426,0.856857612275861,0.08367003367003367
817,3,647.345,208,583,85.7,F,13,Quiz,0.0036719706242350062,0.32131243772640555,0.1469982847341338
487,1,321.051,187,329,77.1,M,7,Drawing,0.002053388090349076,0.5824619764461099,0.2343465045592705
622,4,318.203,137,328,47.8,M,18,Quiz,0.006430868167202572,0.4305427667243867,0.14573170731707316
505,3,84.123,274,1571,51.7,F,11,Quiz,0.005940594059405941,3.2571353850908786,0.03290897517504774
817,1,422.084,309,1331,43.7,M,16,Piano,0.0012239902080783353,0.7320817657148814,0.03283245679939895
1017,2,639.258,244,211,49.1,M,12,None,0.0019665683382497543,0.38169252477090626,0.23270142180094788
381,1,520.263,435,1539,40.1,M,5,Piano,0.0026246719160104987,0.8361155800047283,0.026055880441845355
1319,4,338.904,347,1007,59.4,F,10,None,0.003032600454890068,1.0238887708613649,0.058987090367428004
753,4,450.906,286,1757,47.3,F,13,Piano,0.005312084993359893,0.6342785414254856,0.026920887877063173
535,1,170.255,138,1545,64.7,M,15,Piano,0.001869158878504673,0.8105488825585152,0.04187702265372169
400,1,109.041,275,1911,41.7,F,14,None,0.0025,2.5219871424510045,0.021821036106750395
520,2,389.435,457,1122,78.0,F,6,Drawing,0.0038461538461538464,1.1734949349698922,0.06951871657754011
726,3,415.802,389,324,41.5,M,18,Quiz,0.004132231404958678,0.9355414355871303,0.12808641975308643
1045,4,421.148,447,873,95.0,F,18,Piano,0.003827751196172249,1.061384596388918,0.10882016036655212
235,4,236.305,255,838,81.9,F,10,Drawing,0.01702127659574468,1.0791138570914707,0.09773269689737471
928,0,563.356,197,1753,74.9,F,12,Drawing,0.0,0.34969007164208776,0.04272675413576726
322,2,615.497,198,1327,47.7,M,17,None,0.006211180124223602,0.3216912511352614,0.0359457422758101
909,3,254.442,136,1365,47.6,M,18,Piano,0.0033003300330033004,0.5345029515567399,0.03487179487179487
880,5,611.957,147,1996,46.2,F,16,Quiz,0.005681818181818182,0.24021295613907515,0.02314629258517034
815,2,239.569,92,1064,40.8,F,11,None,0.00245398773006135,0.38402297459187124,0.038345864661654135
675,2,149.079,239,999,91.1,M,5,Piano,0.002962962962962963,1.6031768391255643,0.09119119119119118
525,0,290.81,374,707,53.5,F,7,None,0.0,1.2860630652315945,0.07567185289957568
840,3,142.947,145,1810,89.8,F,11,Piano,0.0035714285714285713,1.0143619663231827,0.04961325966850828
253,1,99.553,69,1781,67.8,F,15,Drawing,0.003952569169960474,0.6930981487247999,0.03806850084222347
1334,0,302.025,389,1549,75.5,M,14,Drawing,0.0,1.2879728499296417,0.0487411233053583
330,3,137.124,253,411,82.0,F,7,Quiz,0.00909090909090909,1.8450453604037222,0.19951338199513383
442,5,657.805,222,370,51.2,M,8,Quiz,0.011312217194570135,0.33748603309491415,0.13837837837837838
1309,3,326.263,391,1266,51.8,F,13,None,0.002291825821237586,1.1984196798288498,0.04091627172195892
1057,2,347.573,348,1300,72.5,F,12,Drawing,0.001892147587511826,1.0012285189010655,0.05576923076923077
410,2,411.938,488,865,57.7,F,12,None,0.004878048780487805,1.1846442911311896,0.06670520231213874
809,2,223.344,279,1592,76.8,M,10,Drawing,0.002472187886279357,1.2491940683430045,0.04824120603015075
527,2,141.549,312,466,94.5,M,7,Drawing,0.003795066413662239,2.2041837102346182,0.20278969957081544
851,2,625.888,470,245,83.9,F,13,None,0.0023501762632197414,0.7509330742880514,0.34244897959183673
800,4,481.967,490,315,80.5,F,13,Quiz,0.005,1.0166671162133507,0.25555555555555554
206,5,244.651,397,1661,73.0,F,5,Drawing,0.024271844660194174,1.6227197109351688,0.04394942805538832
946,0,287.081,103,1764,60.4,M,11,Drawing,0.0,0.3587837578941135,0.03424036281179138
997,3,659.647,257,1973,61.3,F,18,Quiz,0.003009027081243731,0.3896023176032029,0.031069437404967055
278,5,590.847,484,557,63.2,M,17,Drawing,0.017985611510791366,0.8191629982042729,0.11346499102333932
775,5,449.588,471,1543,88.8,M,9,Drawing,0.0064516129032258064,1.0476258263120901,0.057550226830849
1208,0,168.491,355,941,92.1,M,10,Drawing,0.0,2.1069374625350905,0.09787460148777895
1148,3,157.759,181,626,81.9,M,5,Quiz,0.002613240418118467,1.14731964578883,0.13083067092651757
656,4,406.766,302,1119,88.2,M,18,Piano,0.006097560975609756,0.7424416003304111,0.07882037533512065
576,1,163.424,65,1578,49.1,F,15,None,0.001736111111111111,0.39773839827687485,0.031115335868187582
620,0,374.722,479,1262,70.1,M,8,Drawing,0.0,1.278280965622515,0.05554675118858954
1289,3,610.389,341,1753,58.4,F,18,None,0.0023273855702094647,0.5586601331282183,0.03331431831146606
452,0,254.183,395,798,59.5,M,11,None,0.0,1.5539984971457572,0.07456140350877193
1267,5,342.181,144,1989,96.2,F,10,Piano,0.003946329913180742,0.4208299116549429,0.048366013071895426
232,1,546.615,167,1061,41.3,M,14,None,0.004310344827586207,0.30551667993011533,0.038925541941564556
604,3,549.446,210,946,47.9,M,10,Quiz,0.004966887417218543,0.3822031646422032,0.050634249471458774
371,5,136.385,184,1906,67.6,F,8,Piano,0.013477088948787063,1.3491219708912272,0.035466946484784885
563,2,178.33,60,779,52.0,M,14,None,0.003552397868561279,0.33645488700723375,0.06675224646983312
1321,4,100.934,221,582,77.9,F,5,Piano,0.003028009084027252,2.189549606673668,0.1338487972508591
1308,2,635.725,447,1902,76.3,M,13,None,0.0015290519877675841,0.703134216839042,0.040115667718191375
632,0,72.634,199,615,89.5,F,7,Piano,0.0,2.7397637470055347,0.14552845528455285
679,2,196.29,344,1089,44.8,F,9,None,0.0029455081001472753,1.7525090427428804,0.0411386593204775
977,3,206.741,84,1741,63.1,M,15,Drawing,0.0030706243602865915,0.4063054739988681,0.03624353819643883
1370,2,290.053,171,539,68.5,M,17,Piano,0.00145985401459854,0.5895474275391049,0.12708719851576994
756,4,657.744,58,533,97.6,M,7,Quiz,0.005291005291005291,0.08818020384830572,0.18311444652908065
425,0,602.561,162,1651,42.7,M,11,None,0.0,0.26885244813388187,0.02586311326468807
1151,0,106.39,61,1568,47.6,M,18,None,0.0,0.5733621580975655,0.030357142857142857
1136,3,275.242,220,333,81.1,F,18,Drawing,0.002640845070422535,0.7992966189753017,0.24354354354354352
1364,2,393.394,195,1538,40.3,M,6,None,0.001466275659824047,0.4956862585601204,0.026202860858257477
378,2,520.349,186,431,79.2,M,16,Drawing,0.005291005291005291,0.35745240213779594,0.18375870069605568
1291,5,654.113,372,1121,76.0,F,5,Drawing,0.0038729666924864447,0.5687090762605237,0.06779661016949153
805,4,202.391,74,347,50.7,F,12,Quiz,0.004968944099378882,0.3656289064237046,0.14610951008645534
1289,1,388.704,419,374,95.3,M,6,Piano,0.0007757951900698216,1.0779410554046267,0.25481283422459894
1334,0,449.122,196,234,59.5,M,6,None,0.0,0.4364070341688895,0.25427350427350426
1237,5,498.876,265,432,77.8,F,18,Piano,0.004042037186742118,0.5311941243916324,0.18009259259259258
275,3,312.427,236,1512,90.0,M,10,Piano,0.01090909090909091,0.7553764559401076,0.05952380952380952
1349,0,635.275,148,1833,79.1,F,17,None,0.0,0.23296997363346583,0.04315330060010911
1219,5,95.565,77,618,63.8,F,10,Drawing,0.004101722723543888,0.805734316957045,0.10323624595469255
435,5,588.64,281,284,99.5,F,12,Quiz,0.011494252873563218,0.47737156836096767,0.3503521126760563
826,2,481.136,401,1381,96.3,F,11,Drawing,0.002421307506053269,0.8334441821023577,0.06973207820419985
512,2,402.742,137,1526,41.5,M,5,None,0.00390625,0.3401681473499163,0.027195281782437745
1273,3,480.303,396,848,84.7,F,11,Piano,0.002356637863315004,0.8244795472857759,0.09988207547169811
1313,4,353.395,392,1883,55.7,M,9,None,0.0030464584920030465,1.1092403684262653,0.029580456718003186
227,0,169.833,107,1721,64.9,M,16,Piano,0.0,0.6300306771946559,0.037710633352701924
749,5,74.392,191,1033,96.5,M,17,Drawing,0.006675567423230975,2.5674803742337886,0.09341723136495644
345,0,277.35,393,1972,55.2,M,7,None,0.0,1.4169821525148727,0.02799188640973631
352,4,357.207,175,690,75.3,M,8,Piano,0.011363636363636364,0.48991201180268024,0.1091304347826087
922,0,510.666,378,1864,59.6,M,7,Piano,0.0,0.7402098436159839,0.03197424892703863
1071,1,244.156,94,1869,75.4,M,6,None,0.0009337068160597573,0.384999754255476,0.04034242910647405
247,2,112.761,59,741,82.9,F,13,Drawing,0.008097165991902834,0.5232305495694434,0.11187584345479083
799,3,276.586,64,715,79.0,F,16,Quiz,0.0037546933667083854,0.2313927675298099,0.11048951048951049
353,3,219.865,192,1834,73.4,M,13,Quiz,0.0084985835694051,0.8732631387442293,0.040021810250817885
987,1,592.434,142,724,41.1,M,9,None,0.0010131712259371835,0.23968914680791448,0.056767955801104976
1318,0,588.731,240,1589,43.4,M,14,Piano,0.0,0.4076564678945053,0.027312775330396475
466,2,602.837,347,1387,70.0,F,9,Drawing,0.004291845493562232,0.5756116495835525,0.050468637346791634
1297,3,515.582,357,398,58.8,F,9,Piano,0.002313030069390902,0.6924213801102443,0.14773869346733667
990,4,621.661,255,378,93.2,F,16,Quiz,0.00404040404040404,0.41019140657046205,0.24656084656084656
987,3,92.734,179,864,83.8,M,6,Drawing,0.00303951367781155,1.9302521189639184,0.09699074074074074
897,2,316.907,389,1415,78.2,F,14,Drawing,0.002229654403567447,1.2274894527416562,0.05526501766784452
1155,2,374.568,367,343,88.7,F,15,Piano,0.0017316017316017316,0.9797953909570493,0.25860058309037903
1150,2,568.521,482,1690,97.4,F,13,Drawing,0.0017391304347826088,0.8478138890208102,0.05763313609467456
666,0,97.521,160,1213,46.5,M,18,Piano,0.0,1.6406722654607726,0.03833470733718054
794,1,388.1,222,1172,92.3,F,6,Drawing,0.0012594458438287153,0.5720175212574079,0.0787542662116041
717,1,627.959,334,1349,59.9,F,8,None,0.001394700139470014,0.5318818585289804,0.044403261675315046
1375,2,366.853,164,1093,58.7,M,18,None,0.0014545454545454545,0.44704554685391695,0.05370539798719122
1389,4,142.517,139,887,59.7,M,15,Piano,0.0028797696184305254,0.9753222422588183,0.06730552423900789
1026,2,628.396,273,1949,91.5,F,11,None,0.001949317738791423,0.4344394299136214,0.046947152385838894
868,5,211.641,295,436,43.2,M,17,Quiz,0.00576036866359447,1.3938698078349658,0.09908256880733946
663,5,112.979,136,1776,89.2,M,5,Piano,0.007541478129713424,1.2037635312757238,0.050225225225225226
889,3,407.275,236,582,68.6,M,5,Quiz,0.003374578177727784,0.5794610521146646,0.11786941580756012
571,5,301.736,319,646,82.3,F,7,Quiz,0.008756567425569177,1.0572155791818014,0.12739938080495355
1091,3,127.667,99,1725,93.2,M,5,Quiz,0.002749770852428964,0.7754548943736439,0.05402898550724638
1250,1,439.457,313,1814,54.9,M,10,Piano,0.0008,0.7122426084918434,0.030264608599779492
1183,4,143.692,271,952,53.3,M,17,Quiz,0.0033812341504649195,1.885978342566044,0.05598739495798319
278,3,377.066,398,1321,50.0,F,18,Piano,0.01079136690647482,1.055518132104194,0.03785011355034065
964,0,143.161,396,509,68.4,M,17,Drawing,0.0,2.7661164702677405,0.1343811394891945
1317,4,341.256,294,1245,51.7,M,18,None,0.0030372057706909645,0.8615233138758001,0.041526104417670684
833,0,142.554,385,641,42.8,F,6,None,0.0,2.700730951078188,0.06677067082683306
1061,5,247.255,374,1292,95.2,F,9,Drawing,0.00471253534401508,1.5126084406786515,0.0736842105263158
1388,0,311.636,234,464,73.2,M,13,Drawing,0.0,0.7508760220256966,0.15775862068965518
873,4,132.339,146,729,83.4,F,10,Drawing,0.004581901489117984,1.1032273177219112,0.11440329218106997
415,3,367.948,131,1506,62.5,M,5,Drawing,0.007228915662650603,0.35602856925435117,0.04150066401062417
305,0,510.377,237,1805,46.5,M,16,Piano,0.0,0.4643626182214324,0.025761772853185594
1073,0,295.478,67,893,60.5,F,11,Drawing,0.0,0.22675123021003254,0.0677491601343785
494,4,365.845,128,857,92.0,M,15,Quiz,0.008097165991902834,0.3498749470404133,0.1073512252042007
1065,1,82.656,120,447,59.2,F,14,Piano,0.0009389671361502347,1.451800232288037,0.13243847874720358
781,5,530.283,117,693,63.9,M,12,Drawing,0.006402048655569782,0.22063690519967638,0.09220779220779221
1116,1,267.693,300,1654,64.2,M,17,Drawing,0.0008960573476702509,1.1206867568445944,0.03881499395405079
890,5,262.736,377,1288,97.1,M,12,Quiz,0.0056179775280898875,1.4349004323731807,0.07538819875776397
282,5,393.885,488,810,61.8,F,11,Drawing,0.01773049645390071,1.2389402998337078,0.07629629629629629
658,3,545.527,474,753,46.4,M,10,Quiz,0.004559270516717325,0.8688845831645362,0.06162018592297477
311,1,238.888,322,1517,59.2,M,18,None,0.003215434083601286,1.3479119922306688,0.03902439024390244
768,3,72.476,163,1096,89.3,M,18,Quiz,0.00390625,2.249020365362327,0.08147810218978102
520,2,346.392,326,1751,50.1,F,9,None,0.0038461538461538464,0.941130280145038,0.028612221587664192
737,3,522.435,123,1927,94.6,M,10,Quiz,0.004070556309362279,0.23543598725200265,0.04909185262065386
734,3,424.162,157,1385,62.6,M,15,Drawing,0.004087193460490463,0.37014159684271575,0.0451985559566787
1239,2,481.262,483,324,66.8,F,18,Drawing,0.0016142050040355124,1.003611338522468,0.20617283950617282
1373,0,447.966,487,950,72.8,F,10,Drawing,0.0,1.0871360772915801,0.07663157894736841
1101,4,171.763,72,1633,52.6,F,7,Quiz,0.0036330608537693005,0.41918224530312115,0.0322106552357624
226,1,501.56,85,820,91.2,M,16,Drawing,0.004424778761061947,0.16947124970093308,0.11121951219512195
1292,4,362.717,427,1832,70.5,M,13,Piano,0.0030959752321981426,1.1772263224497337,0.0384825327510917
1377,2,437.229,392,612,48.8,F,11,Piano,0.0014524328249818446,0.8965553520008965,0.07973856209150326
782,2,556.39,336,793,95.4,M,13,Piano,0.0025575447570332483,0.6038929527849171,0.12030264817150063
469,3,442.023,152,1233,48.9,M,17,Quiz,0.006396588486140725,0.34387350884456236,0.039659367396593675
1116,5,205.345,146,273,98.1,F,18,Quiz,0.004480286738351254,0.7109985633933137,0.35934065934065934
255,0,376.176,111,866,82.8,F,7,Drawing,0.0,0.2950746459104249,0.09561200923787529
386,1,343.982,176,1515,71.0,F,18,Piano,0.0025906735751295338,0.5116546796053282,0.04686468646864687
643,5,103.438,252,273,83.5,M,13,Quiz,0.007776049766718507,2.4362420000386704,0.3058608058608059
1340,5,181.492,393,1647,52.4,F,15,None,0.0037313432835820895,2.1653847001520727,0.031815421979356405
927,4,570.203,401,1088,54.7,M,5,Piano,0.004314994606256742,0.7032583132673802,0.05027573529411765
316,1,640.465,217,1153,84.5,M,8,Drawing,0.0031645569620253164,0.3388163287611345,0.07328707718993929
894,4,392.95,414,1112,51.7,M,6,Piano,0.0044742729306487695,1.053569156381219,0.04649280575539569
756,1,180.96,63,1656,46.9,F,9,None,0.0013227513227513227,0.34814323607427056,0.028321256038647342
1218,3,410.46,96,306,43.3,F,6,None,0.0024630541871921183,0.23388393509720803,0.1415032679738562
1187,4,584.448,395,737,65.4,M,15,Piano,0.003369839932603201,0.6758514016644765,0.0887381275440977
537,4,174.393,347,986,74.1,F,16,Quiz,0.0074487895716946,1.9897587632531122,0.07515212981744421
1030,2,320.65,104,865,61.8,F,5,Drawing,0.001941747572815534,0.3243411819741151,0.0714450867052023
1269,5,387.302,457,1412,84.7,F,9,Drawing,0.003940110323089046,1.1799577590614043,0.05998583569405099
1341,1,410.636,397,1357,78.1,M,5,Drawing,0.0007457121551081282,0.9667929748000662,0.057553426676492256
1010,1,182.643,248,1384,84.9,M,13,Piano,0.0009900990099009901,1.3578401581226764,0.06134393063583816
267,4,297.862,51,597,88.3,F,7,Drawing,0.0149812734082397,0.1712202295022527,0.14790619765494137
929,3,381.916,127,1951,80.8,M,16,Quiz,0.0032292787944025836,0.33253385561222887,0.04141465914915428
860,3,317.687,115,945,98.6,F,14,Drawing,0.0034883720930232558,0.361991519955176,0.10433862433862433
503,3,503.639,325,1922,96.3,M,11,Quiz,0.005964214711729622,0.6453034812633652,0.05010405827263267
277,2,265.326,287,1357,69.8,F,12,Drawing,0.007220216606498195,1.0816881873619622,0.051436993367722915
1241,3,566.106,295,1957,59.5,F,10,Piano,0.0024174053182917004,0.5211038215457883,0.030403679100664282
679,2,264.343,204,764,45.3,F,11,Piano,0.0029455081001472753,0.7717246153671555,0.05929319371727748
642,4,169.272,241,1610,49.9,F,11,Quiz,0.006230529595015576,1.4237440332718938,0.030993788819875776
1232,2,178.089,66,1377,42.5,M,9,None,0.0016233766233766235,0.37060121624580966,0.030864197530864196
621,1,460.823,84,830,97.2,M,13,Drawing,0.001610305958132045,0.18228256836138823,0.11710843373493976
563,5,379.866,59,833,46.1,F,14,Quiz,0.008880994671403197,0.15531792790089138,0.055342136854741895
1082,0,399.214,53,1137,50.0,M,18,None,0.0,0.13276087511961004,0.04397537379067722
413,0,642.861,246,218,95.4,F,9,None,0.0,0.38266437068044257,0.4376146788990826
1065,5,175.406,356,1490,77.4,M,14,Quiz,0.004694835680751174,2.02957709542433,0.05194630872483222
1225,1,261.0,358,939,51.9,F,13,None,0.0008163265306122449,1.371647509578544,0.05527156549520767
1003,4,291.718,302,1749,91.4,F,12,Drawing,0.003988035892323031,1.0352463680677915,0.05225843339050887
435,1,101.901,69,415,63.3,M,10,Drawing,0.0022988505747126436,0.677127800512262,0.1525301204819277
609,5,562.686,238,1779,59.0,M,5,Piano,0.008210180623973728,0.42297124861823465,0.03316469926925239
577,5,392.242,291,1517,69.1,M,18,Piano,0.008665511265164644,0.7418889359120134,0.045550428477257744
269,4,229.092,88,1000,65.7,F,12,Drawing,0.01486988847583643,0.38412515495957955,0.06570000000000001
1024,3,563.321,353,1521,51.7,F,16,Piano,0.0029296875,0.6266409382927318,0.03399079552925707
743,1,406.662,380,990,42.2,M,8,Piano,0.0013458950201884253,0.9344369525551933,0.04262626262626263
542,4,492.164,281,488,90.6,F,12,Piano,0.007380073800738007,0.5709478954169749,0.18565573770491803
428,1,430.644,484,1081,60.8,M,5,Drawing,0.002336448598130841,1.1238981618227584,0.056244218316373724
287,4,591.77,358,1105,64.3,F,18,Piano,0.013937282229965157,0.6049647667167988,0.058190045248868776
1387,0,421.076,345,1824,57.1,M,6,Piano,0.0,0.8193295272112397,0.03130482456140351
940,5,349.692,328,1474,56.9,M,6,Quiz,0.005319148936170213,0.9379682692197705,0.03860244233378562
991,1,93.791,67,256,72.8,M,16,None,0.0010090817356205853,0.7143542557388236,0.284375
1236,2,266.309,139,815,73.6,F,18,Drawing,0.0016181229773462784,0.5219500655253859,0.09030674846625766
1097,2,506.805,131,788,91.6,M,16,Drawing,0.0018231540565177757,0.25848205917463324,0.11624365482233502
838,4,296.848,137,1427,47.6,F,6,Piano,0.00477326968973747,0.4615156578450924,0.03335669236159776
528,4,382.942,379,1044,56.3,F,16,Piano,0.007575757575757576,0.9897060129210168,0.0539272030651341
959,3,466.515,304,1366,51.0,F,14,Quiz,0.0031282586027111575,0.6516403545437982,0.03733528550512445
1099,2,478.173,494,620,99.7,F,5,Drawing,0.0018198362147406734,1.0330988993523265,0.16080645161290322
436,0,651.777,473,660,47.8,M,17,None,0.0,0.7257083327579831,0.07242424242424242
388,3,564.004,208,1020,59.1,F,18,Piano,0.007731958762886598,0.3687917106970872,0.05794117647058824
556,0,112.111,61,1149,78.1,F,14,Drawing,0.0,0.5441036115992186,0.06797214969538729
298,4,647.156,275,814,96.5,F,12,Drawing,0.013422818791946308,0.42493618231152924,0.11855036855036855
789,2,623.847,373,1404,59.9,F,14,None,0.0025348542458808617,0.5979030114755701,0.04266381766381766
1324,2,183.086,192,877,58.6,F,13,Piano,0.0015105740181268882,1.0486875020482178,0.06681870011402509
381,2,182.296,53,1062,78.6,M,7,Drawing,0.005249343832020997,0.29073594593408525,0.07401129943502824
414,3,203.648,150,1162,78.4,F,8,Quiz,0.007246376811594203,0.7365650534255186,0.06746987951807229
1286,0,256.059,154,971,69.4,F,15,Piano,0.0,0.6014238905877161,0.07147270854788879
1251,1,615.51,165,1292,57.4,M,6,None,0.0007993605115907274,0.26807038065994054,0.04442724458204334
1063,1,131.061,300,1058,91.9,M,11,Drawing,0.0009407337723424271,2.2890104607778055,0.08686200378071834
1313,0,263.706,199,1355,82.1,F,14,Piano,0.0,0.7546282602595314,0.060590405904059036
414,1,621.321,281,446,87.8,F,11,Drawing,0.0024154589371980675,0.4522621961916626,0.1968609865470852
759,2,369.208,488,1951,68.0,M,12,None,0.002635046113306983,1.3217481744707589,0.03485392106611994
1110,2,334.59,244,1437,81.3,F,13,Drawing,0.0018018018018018018,0.7292507247676261,0.05657620041753653
702,3,101.321,360,1692,65.0,M,6,Quiz,0.004273504273504274,3.5530640242397924,0.0384160756501182
1307,3,247.141,194,1209,90.4,F,14,Piano,0.0022953328232593728,0.7849769969369712,0.07477253928866832
405,5,368.427,357,218,68.3,F,17,Quiz,0.012345679012345678,0.9689843578239379,0.31330275229357796
1340,3,285.887,243,524,40.4,M,16,Piano,0.002238805970149254,0.8499861833521636,0.07709923664122137
430,4,330.592,59,1581,61.1,F,14,Drawing,0.009302325581395349,0.1784677185170845,0.03864642631246047
591,0,492.995,280,1301,51.1,M,9,Piano,0.0,0.5679570786721975,0.03927747886241353
1368,4,71.688,111,678,64.9,M,5,Drawing,0.0029239766081871343,1.548376297288249,0.0957227138643068
346,3,397.723,190,1215,93.6,F,15,Quiz,0.008670520231213872,0.47771941778574534,0.07703703703703703
294,5,606.228,120,418,76.9,M,5,Drawing,0.017006802721088437,0.19794532750054436,0.18397129186602873
1182,3,332.148,231,224,97.5,M,12,Piano,0.0025380710659898475,0.6954731023519636,0.43526785714285715
1280,4,555.011,402,1416,75.3,M,6,Drawing,0.003125,0.7243099686312524,0.053177966101694917
944,2,498.731,286,1197,43.8,M,7,Piano,0.00211864406779661,0.573455429881038,0.036591478696741855
883,4,582.678,233,1591,96.7,F,8,Drawing,0.004530011325028313,0.39987780558044067,0.06077938403519799
400,0,435.755,324,410,80.8,M,17,Drawing,0.0,0.7435370793220961,0.1970731707317073
241,2,383.062,66,482,55.5,M,14,None,0.008298755186721992,0.17229586855391554,0.11514522821576763
811,2,500.629,472,1689,57.3,M,18,None,0.002466091245376079,0.9428139400634002,0.03392539964476021
1304,3,118.284,246,1893,69.9,M,11,Piano,0.0023006134969325155,2.0797402860911025,0.03692551505546751
395,2,122.358,374,1369,45.4,F,17,None,0.005063291139240506,3.056604390395397,0.03316289262235208
728,5,524.063,148,1502,63.1,M,16,Quiz,0.006868131868131868,0.2824087943625099,0.04201065246338216
470,3,350.988,263,994,60.5,F,16,Drawing,0.006382978723404255,0.7493133668387523,0.06086519114688129
924,0,511.11,59,1270,48.6,F,5,None,0.0,0.11543503355442077,0.03826771653543307
302,3,368.231,417,1250,82.4,F,18,Drawing,0.009933774834437087,1.1324413208013449,0.06592
1188,1,581.656,359,1702,83.1,M,5,Piano,0.0008417508417508417,0.617203295418598,0.04882491186839013
1261,2,297.082,250,693,47.5,F,6,Piano,0.0015860428231562252,0.8415185033088508,0.06854256854256854
793,4,368.887,207,1227,90.2,M,7,Quiz,0.005044136191677175,0.561147451658638,0.07351263243683782
393,2,163.987,208,1502,47.2,F,16,Piano,0.005089058524173028,1.268393226292328,0.031424766977363516
267,0,272.437,234,1574,69.5,M,10,Piano,0.0,0.8589141709826492,0.044155019059720454
1009,5,519.078,408,857,86.8,F,6,Drawing,0.004955401387512388,0.7860090391039497,0.1012835472578763
321,0,205.202,367,1008,83.0,F,16,Drawing,0.0,1.7884815937466496,0.08234126984126984
702,1,98.521,94,513,56.7,F,15,None,0.0014245014245014246,0.9541113062189787,0.1105263157894737
1301,5,567.132,465,714,48.0,F,16,None,0.003843197540353574,0.819914940437147,0.06722689075630252
708,3,350.613,194,1742,55.2,F,7,Piano,0.00423728813559322,0.5533166197488399,0.03168771526980482
799,0,222.956,260,524,83.3,F,14,Drawing,0.0,1.1661493747645275,0.15896946564885495
916,2,143.731,53,351,97.3,M,15,Drawing,0.002183406113537118,0.36874439056292657,0.2772079772079772
1216,4,100.89,359,1002,56.0,M,8,None,0.003289473684210526,3.558330855387055,0.05588822355289421
660,3,508.709,190,866,78.7,F,13,Drawing,0.004545454545454545,0.3734944732646759,0.09087759815242495
554,0,481.641,298,1812,64.6,F,5,Piano,0.0,0.618718090860205,0.03565121412803532
370,2,520.514,416,1330,88.7,F,16,Piano,0.005405405405405406,0.7992100116423382,0.06669172932330827
595,4,476.445,88,1236,53.5,F,14,Quiz,0.0067226890756302525,0.18470127716735404,0.043284789644012944
1343,1,153.974,89,1559,74.2,M,17,Drawing,0.0007446016381236039,0.5780196656578384,0.047594611930724826
716,1,408.167,376,316,74.2,M,7,Drawing,0.0013966480446927375,0.9211915710971246,0.23481012658227848
742,2,330.01,115,1293,50.9,F,6,Piano,0.0026954177897574125,0.34847428865791946,0.039365815931941224
640,1,215.123,248,1774,95.7,F,8,Piano,0.0015625,1.152828846752788,0.05394588500563698
1314,5,526.302,179,413,77.7,F,17,Drawing,0.00380517503805175,0.34010891085346434,0.188135593220339
568,4,360.229,98,1275,55.9,M,16,Quiz,0.007042253521126761,0.2720491687232289,0.04384313725490196
1198,1,444.017,422,1701,70.0,F,9,Drawing,0.0008347245409015025,0.9504140607229002,0.0411522633744856
887,3,537.802,274,215,46.3,F,14,Quiz,0.0033821871476888386,0.5094811845251598,0.2153488372093023
713,5,460.828,364,1598,66.1,F,16,Drawing,0.0070126227208976155,0.7898825592194919,0.04136420525657071
692,2,192.137,56,1649,94.0,M,8,Drawing,0.002890173410404624,0.2914586987410025,0.05700424499696786
652,3,426.836,448,423,82.6,M,10,Drawing,0.004601226993865031,1.0495834465696425,0.19527186761229312
548,5,444.104,228,1262,99.9,M,13,Drawing,0.009124087591240875,0.5133932592365752,0.07916006339144216
571,2,74.811,252,1634,53.4,F,17,None,0.0035026269702276708,3.3684885912499496,0.03268053855569155
1269,1,99.231,160,537,92.8,M,10,Piano,0.0007880220646178094,1.6123993510092614,0.1728119180633147
870,3,650.472,330,1266,66.3,M,7,Quiz,0.0034482758620689655,0.507323912482013,0.0523696682464455
409,5,481.601,497,1169,43.3,M,7,Quiz,0.012224938875305624,1.0319746013816415,0.03704020530367835
429,4,629.075,163,1299,63.9,F,6,Quiz,0.009324009324009324,0.25911059889520327,0.049191685912240185
1207,0,649.608,438,1205,89.0,M,10,Drawing,0.0,0.6742527801381757,0.07385892116182573
454,3,94.314,310,1989,80.0,M,17,Quiz,0.006607929515418502,3.2868927200627693,0.04022121669180493
458,3,490.157,62,1087,99.0,F,5,Quiz,0.006550218340611353,0.1264900837894797,0.09107635694572216
637,2,553.577,235,557,90.3,M,6,Piano,0.0031397174254317113,0.4245118565258311,0.1621184919210054
828,5,121.229,390,1671,83.2,F,12,Drawing,0.006038647342995169,3.217052025505448,0.04979054458408139
230,1,265.779,314,1494,81.0,F,18,Drawing,0.004347826086956522,1.1814326940804203,0.05421686746987952
701,3,173.128,86,1565,96.9,F,17,Quiz,0.0042796005706134095,0.49674229471835873,0.061916932907348246
1047,5,89.452,215,358,89.2,F,17,Quiz,0.004775549188156638,2.4035236775030184,0.24916201117318437
710,2,224.802,139,1764,84.1,M,13,Piano,0.0028169014084507044,0.6183219010507024,0.04767573696145124
1039,4,465.814,184,1265,61.1,F,16,Quiz,0.0038498556304138597,0.39500744932526716,0.048300395256917
1033,0,516.303,460,1352,44.6,F,18,None,0.0,0.8909496942686755,0.03298816568047337
864,5,257.471,55,836,59.3,F,8,Quiz,0.005787037037037037,0.2136162907667271,0.07093301435406699
1025,1,456.893,51,403,80.4,M,6,Drawing,0.000975609756097561,0.1116235092242604,0.19950372208436726
735,3,444.909,258,962,97.5,F,11,Quiz,0.004081632653061225,0.5798938659366297,0.10135135135135136
694,2,488.044,380,1439,54.1,F,13,Piano,0.002881844380403458,0.7786183212988993,0.037595552466990964
1044,0,68.803,84,1759,70.0,F,17,Drawing,0.0,1.2208769966425883,0.039795338260375214
215,2,448.203,487,1430,49.4,F,12,None,0.009302325581395349,1.0865612233742301,0.034545454545454546
904,1,245.987,348,1706,49.9,M,6,None,0.0011061946902654867,1.4147089073812844,0.02924970691676436
1326,0,273.083,264,1166,55.1,M,6,None,0.0,0.9667390500324077,0.04725557461406518
206,0,598.385,406,375,79.4,M,16,Piano,0.0,0.6784929435062711,0.21173333333333336
475,1,471.069,337,1251,71.3,M,11,Drawing,0.002105263157894737,0.7153941354663541,0.05699440447641886
1335,5,115.903,266,1815,65.4,F,7,None,0.003745318352059925,2.295022561969923,0.03603305785123967
506,5,331.872,158,1595,90.4,M,9,Quiz,0.009881422924901186,0.4760871661363417,0.05667711598746082
1113,5,197.865,149,583,43.3,F,6,Quiz,0.004492362982929021,0.7530386879943396,0.07427101200686106
1021,1,333.796,385,1411,74.2,M,17,Drawing,0.0009794319294809011,1.1533990820740812,0.05258681785967399
760,4,170.238,225,437,68.0,M,18,Quiz,0.005263157894736842,1.321679061079195,0.15560640732265446
1070,1,206.412,51,954,53.4,M,14,None,0.0009345794392523365,0.2470786582175455,0.0559748427672956
339,4,318.516,296,1235,58.6,M,9,Quiz,0.011799410029498525,0.9293096736113727,0.04744939271255061
1329,1,625.239,118,1012,54.4,M,14,None,0.0007524454477050414,0.18872783047762534,0.05375494071146245
299,1,221.066,234,1252,78.0,M,5,Drawing,0.0033444816053511705,1.0585074140754345,0.06230031948881789
831,1,76.901,398,459,77.6,M,10,Drawing,0.0012033694344163659,5.175485364299554,0.1690631808278867
1395,2,452.021,163,261,50.4,M,5,None,0.0014336917562724014,0.36060271536056954,0.19310344827586207
1073,1,608.476,69,769,40.4,F,17,None,0.0009319664492078285,0.11339806335829186,0.052535760728218465
660,3,308.637,141,1275,94.9,M,10,Piano,0.004545454545454545,0.4568473643795138,0.07443137254901962
1126,4,639.576,81,1512,58.0,F,9,Quiz,0.003552397868561279,0.12664640324214793,0.03835978835978836
403,4,550.389,234,452,45.3,F,6,Piano,0.009925558312655087,0.4251538457345623,0.1002212389380531
714,5,369.252,228,1364,94.4,F,18,Drawing,0.0070028011204481795,0.617464495791492,0.06920821114369502
1008,3,132.347,96,329,54.6,M,11,Quiz,0.002976190476190476,0.725365894202362,0.16595744680851066
257,1,485.859,305,882,61.6,M,18,Drawing,0.0038910505836575876,0.6277541426627891,0.06984126984126984
1294,5,409.925,372,596,42.1,M,18,Piano,0.0038639876352395673,0.9074830761724706,0.07063758389261746
1010,3,417.844,347,915,64.7,M,18,Piano,0.0029702970297029703,0.8304534706732656,0.0707103825136612
1185,1,146.732,153,1147,41.0,M,11,Piano,0.0008438818565400844,1.0427173350053158,0.03574542284219703
690,4,252.33,313,1833,49.8,F,9,Quiz,0.005797101449275362,1.2404391075179328,0.027168576104746316
480,2,304.471,256,527,81.4,M,7,Drawing,0.004166666666666667,0.8408025723303697,0.15445920303605315
225,2,333.692,219,612,65.4,M,12,Piano,0.008888888888888889,0.6562938278412428,0.10686274509803922
428,2,221.783,65,990,63.0,M,7,Drawing,0.004672897196261682,0.2930792711794863,0.06363636363636363
1295,4,324.548,226,1505,75.9,F,16,Piano,0.003088803088803089,0.6963530818245683,0.050431893687707646
872,2,329.299,284,217,52.3,M,16,None,0.0022935779816513763,0.8624380881812578,0.24101382488479262
1367,4,658.383,203,1911,69.2,F,14,None,0.002926115581565472,0.3083311689396597,0.03621140763997907
845,5,603.576,155,1439,75.6,F,6,Quiz,0.005917159763313609,0.2568027887126062,0.05253648366921473
1041,0,338.826,235,269,89.9,F,16,Piano,0.0,0.6935713315979293,0.3342007434944238
1322,5,386.307,200,1143,62.5,F,10,Drawing,0.0037821482602118004,0.5177229509172756,0.05468066491688539
924,0,169.16,232,450,43.0,M,17,Piano,0.0,1.3714826200047292,0.09555555555555556
1120,4,621.082,235,1257,47.5,F,6,Quiz,0.0035714285714285713,0.37837193800496555,0.03778838504375497
831,2,460.511,481,903,75.1,M,14,Drawing,0.0024067388688327317,1.0444918796727982,0.0831672203765227
814,0,165.046,182,1034,54.7,M,6,Piano,0.0,1.1027228772584614,0.05290135396518376
1164,0,464.725,112,228,93.5,F,8,None,0.0,0.24100274355801818,0.4100877192982456
1353,4,209.221,73,1322,72.0,M,13,Drawing,0.0029563932002956393,0.3489133499983271,0.05446293494704992
1397,4,203.638,192,1027,52.4,M,11,Piano,0.002863278453829635,0.9428495663874129,0.05102239532619279
263,2,263.443,264,1033,80.8,M,15,Drawing,0.0076045627376425855,1.0021143093572424,0.0782187802516941
705,5,505.955,353,1032,47.3,M,12,Piano,0.0070921985815602835,0.6976905060726745,0.04583333333333333
1005,4,547.372,454,482,96.8,F,6,Drawing,0.003980099502487562,0.8294176538076482,0.20082987551867218
555,3,599.417,176,578,45.2,M,16,Quiz,0.005405405405405406,0.2936186327715096,0.0782006920415225
275,3,190.479,351,925,98.1,F,7,Drawing,0.01090909090909091,1.8427228198384074,0.10605405405405405
1308,2,169.919,396,1208,62.6,M,13,Drawing,0.0015290519877675841,2.33052218998464,0.051821192052980136
622,5,300.194,164,419,72.2,M,5,Drawing,0.008038585209003215,0.5463133840116724,0.17231503579952268
1353,0,68.638,51,1070,76.0,M,13,Drawing,0.0,0.7430286430257291,0.07102803738317758
891,4,602.818,69,1478,89.1,F,9,Drawing,0.004489337822671156,0.11446240822271399,0.06028416779431664
1127,1,351.66,372,936,72.2,F,13,Drawing,0.0008873114463176575,1.0578399590513563,0.07713675213675214
1114,3,425.275,362,570,78.6,M,17,Piano,0.0026929982046678637,0.8512139204044442,0.13789473684210526
896,5,551.511,358,667,70.1,M,6,Piano,0.005580357142857143,0.6491257653972451,0.1050974512743628
415,1,462.229,65,1721,55.6,M,12,None,0.0024096385542168677,0.14062293798095749,0.03230679837303893
750,0,119.642,303,927,44.7,M,17,None,0.0,2.5325554571137228,0.0482200647249191
1199,1,69.568,227,1812,97.6,F,13,Piano,0.0008340283569641367,3.262994480220791,0.05386313465783664
1003,0,444.16,263,1431,82.8,F,6,Drawing,0.0,0.592128962536023,0.05786163522012579
345,3,416.739,109,1534,65.7,F,5,Drawing,0.008695652173913044,0.26155459412246035,0.042829204693611476
956,5,409.374,338,1376,51.5,F,6,Quiz,0.005230125523012552,0.8256508718189235,0.037427325581395346
385,5,378.09,207,1916,69.6,M,15,Quiz,0.012987012987012988,0.5474886931682933,0.03632567849686847
