age,gender,category,difficulty,noofquestions,correctcount,incorrectcount,noofattemptinquestionsinsublevel1,noofattemptinquestionsinsublevel2,noofattemptinquestionsinsublevel3,noofattemptinquestionsinsublevel4,noofcorrectquestionsinsublevel1,noofcorrectquestionsinsublevel2,noofcorrectquestionsinsublevel3,noofcorrectquestionsinsublevel4,avrgresponsetimeforsublevel1questions,avrgresponsetimeforsublevel2questions,avrgresponsetimeforsublevel3questions,avrgresponsetimeforsublevel4questions,quizmark,quizcompletationtime,readiness
15,female,division,intermediate,15,2,13,1,5,1,3,0,5,1,1,12.74885382,47.01800367,29.36773312,62.22905659,1,21.92270428,0
6,male,addition,beginner,15,3,12,0,2,3,4,0,0,3,0,0.0,12.91519481,11.32498617,22.60637,0,23.59279097,0
14,female,division,intermediate,15,12,3,2,3,1,2,2,1,0,1,48.624232,29.88232278,68.07690778,90.25695683,2,15.05268465,0
12,male,division,intermediate,15,13,2,3,3,3,4,1,1,2,0,38.04409597,28.53135902,32.45619346,56.74863536,8,11.44624588,1
3,female,substraction,advanced,15,8,7,3,5,2,3,2,4,2,1,3.27549246,3.335129266,4.571188853,5.216981486,10,139.4082562,0
4,male,substraction,beginner,15,15,0,2,3,1,3,0,3,0,2,2.483256792,6.255598628,3.825023171,13.50740389,8,24.67893722,1
10,female,addition,intermediate,15,2,13,3,0,3,3,0,0,0,1,7.126052656,0.0,24.12991226,33.36383473,10,11.05849144,0
12,male,addition,advanced,15,13,2,1,2,2,5,0,2,0,2,23.51873018,21.75494314,25.76508812,35.11316702,9,9.816361661,1
7,male,division,beginner,15,10,5,5,1,4,0,4,0,2,0,21.85298121,28.04832174,26.53145672,0.0,6,4.368058161,0
5,female,substraction,beginner,15,14,1,1,3,4,1,0,0,4,1,3.80866018,13.31345135,17.37925413,38.22537852,6,127.1745035,1
10,female,addition,intermediate,15,9,6,4,2,0,5,0,2,0,1,12.78425603,18.91804502,0.0,25.87134775,3,26.56431391,0
8,male,division,advanced,15,13,2,2,1,1,5,2,1,0,4,48.27876492,6.216086356,104.799017,113.0105054,9,12.19322608,1
8,male,multipication,beginner,15,13,2,2,1,2,1,0,0,2,1,16.06165266,33.19783753,40.79104678,16.4119826,10,9.678702529,1
6,male,addition,advanced,15,4,11,2,0,3,2,2,0,3,1,21.74733951,0.0,19.72450034,43.46625405,0,17.61649362,0
12,female,substraction,advanced,15,14,1,1,5,5,2,1,0,4,1,2.340438015,3.11232536,4.182001029,2.490261677,9,117.4512275,1
14,female,division,intermediate,15,12,3,2,1,2,3,1,0,0,2,32.43173567,51.53589774,73.82868566,81.48949879,10,8.549413956,1
15,male,substraction,advanced,15,2,13,2,3,4,0,2,3,4,0,2.580271194,2.639172855,4.024846938,0.0,6,51.78032137,0
8,female,substraction,intermediate,15,5,10,1,1,4,1,0,1,2,0,3.305089118,2.831296255,3.270449734,4.456962322,9,15.78985615,1
13,female,addition,beginner,15,12,3,1,4,1,2,1,3,0,1,13.39047619,10.64937996,30.5357642,27.43343769,3,3.956531703,1
4,female,substraction,intermediate,15,15,0,1,3,3,4,1,0,0,2,12.16358277,13.90643396,20.62874731,19.09392564,10,17.86925772,1
7,female,multipication,beginner,15,14,1,1,3,3,5,1,3,0,2,24.84346632,28.38581537,24.18615616,37.80119135,8,14.7811772,1
6,male,division,beginner,15,11,4,0,5,2,5,0,3,2,2,0.0,18.4584119,36.94708201,41.85181102,5,11.38849401,0
10,male,substraction,advanced,15,10,5,5,4,5,5,1,2,0,2,17.93538097,26.15271857,25.14859623,30.93509629,9,24.16470922,0
3,male,multipication,intermediate,15,7,8,5,1,3,5,1,1,3,2,42.49866869,16.33413365,65.26424459,61.14776864,3,27.8054318,0
11,female,addition,advanced,15,13,2,1,2,3,3,1,0,0,2,16.03645734,34.11756555,32.57277281,35.4887881,7,5.184638264,1
14,male,substraction,intermediate,15,13,2,3,1,3,1,2,0,0,0,7.756965273,3.861016874,19.71970854,38.36515111,9,5.203926513,1
13,male,division,intermediate,15,12,3,1,5,4,5,0,3,2,4,1.721659556,3.235415596,3.487262417,1.982216399,10,27.63697078,1
11,female,multipication,intermediate,15,13,2,1,1,1,4,0,1,1,1,38.40740931,23.77487089,17.99371519,71.00764722,9,20.48735911,1
9,male,multipication,beginner,15,12,3,0,2,4,4,0,1,0,4,0.0,29.03479513,30.50814553,27.87413365,7,11.54351508,0
10,female,multipication,beginner,15,12,3,0,1,1,2,0,0,0,1,0.0,9.666837905,27.58217356,26.08386598,7,95.88038522,0
5,female,addition,intermediate,15,9,6,3,0,0,2,1,0,0,0,2.970772299,0.0,0.0,2.95216291,10,32.95563195,0
9,male,addition,beginner,15,11,4,1,1,2,1,1,0,0,1,9.961741847,8.867854812,17.97215275,10.96670602,6,72.68867999,1
14,male,substraction,beginner,15,13,2,3,2,3,5,1,2,0,0,2.508659947,2.159927991,12.16425398,15.87621252,8,0.286118874,1
7,female,division,advanced,15,6,9,3,2,3,0,1,0,1,0,45.14957985,61.40266501,109.9225816,0.0,8,12.79456978,0
4,male,division,intermediate,15,13,2,2,5,2,4,0,4,0,2,45.21189673,43.32241096,44.37965453,33.30634802,1,8.052833331,0
5,male,substraction,beginner,15,12,3,4,3,4,0,4,0,2,0,3.68444662,10.35543669,18.11611841,0.0,4,14.40707223,0
3,female,multipication,advanced,15,15,0,2,2,2,2,2,2,2,2,68.28419999,75.80976384,42.35601564,43.23999658,8,21.59141457,1
14,male,multipication,intermediate,15,15,0,1,4,5,4,0,0,4,3,4.418196643,2.442081385,2.933699538,2.437579147,9,34.9624485,1
10,female,multipication,beginner,15,11,4,5,2,3,1,1,0,2,1,11.99632854,12.84991709,19.69588399,22.13563868,10,8.278151056,0
10,male,multipication,advanced,15,13,2,2,2,2,5,1,0,2,4,30.03298253,107.1116443,65.93982458,100.4619885,7,34.52737348,1
7,male,multipication,intermediate,15,14,1,2,5,4,4,0,1,4,4,19.33728154,24.69692619,42.68069109,39.88874431,7,5.315266852,0
3,female,addition,advanced,15,12,3,2,2,2,2,0,0,2,2,10.03436889,32.80938427,8.701605847,31.20987717,7,28.80387756,1
8,female,multipication,advanced,15,3,12,0,0,4,0,0,0,4,0,0.0,0.0,89.79725087,0.0,1,8.955586275,0
9,male,substraction,intermediate,15,15,0,3,2,3,5,3,0,2,3,7.398571748,10.10993519,24.07436585,22.71758299,7,2.006303176,1
7,female,multipication,advanced,15,6,9,1,1,4,5,1,0,0,0,2.767050128,1.492456321,2.495458331,3.252880833,9,29.02098855,1
6,male,substraction,intermediate,15,0,15,4,0,4,4,0,0,2,3,10.74348296,0.0,13.95708047,18.87984101,10,5.990723484,0
12,male,addition,intermediate,15,14,1,2,3,2,1,2,3,0,1,10.50091812,15.31698518,12.20928421,22.75773593,7,17.70552216,1
6,female,multipication,advanced,15,15,0,1,2,1,2,0,0,1,0,22.48367627,38.29474076,91.50843433,89.57715061,7,30.02225431,1
5,female,division,advanced,15,13,2,2,1,1,1,1,1,1,1,66.22884004,34.26741994,66.9812154,60.98528841,10,25.0546928,1
10,female,multipication,beginner,15,15,0,3,1,1,4,1,0,0,3,16.96257721,8.601871149,16.07322757,37.39044216,10,20.89374447,1
4,female,addition,beginner,15,15,0,1,3,5,3,0,3,4,1,10.8748739,10.47823911,16.39963838,11.49144569,10,116.8138616,1
10,female,substraction,beginner,15,14,1,1,5,2,1,1,1,1,1,12.97269295,14.07329132,13.96850134,36.3446482,9,63.87405758,1
13,female,substraction,intermediate,15,15,0,1,5,1,1,1,3,1,0,3.973876464,3.239214854,1.267772573,1.384423345,10,93.24980549,1
11,male,division,beginner,15,14,1,2,1,2,5,2,1,0,3,20.33813622,37.01918654,24.88170986,45.21701082,9,21.67412558,1
11,female,substraction,intermediate,15,10,5,1,1,5,4,1,1,4,1,3.540575017,1.519779908,2.575709177,3.655633866,10,79.98043925,1
7,male,substraction,intermediate,15,3,12,0,0,4,4,0,0,2,1,0.0,0.0,22.84173755,26.88939389,6,19.20974696,0
11,female,multipication,intermediate,15,4,11,2,3,2,0,0,2,0,0,28.58833183,15.10304273,42.985129,0.0,7,5.30022498,0
14,female,multipication,advanced,15,14,1,2,3,3,2,0,0,1,1,87.79082368,112.5915064,51.91936614,63.27543668,7,10.36387501,1
12,male,division,advanced,15,7,8,2,1,1,0,1,1,0,0,93.53148526,49.73604581,97.9432538,0.0,8,37.89271958,0
14,male,substraction,advanced,15,15,0,3,1,2,4,1,1,1,0,25.75949527,30.67718518,36.06025699,19.15991787,8,30.93497538,1
3,male,addition,advanced,15,5,10,1,5,3,4,0,3,1,2,1.974693878,2.197445199,1.512930454,3.85456441,7,34.2188249,1
8,male,division,intermediate,15,2,13,5,3,2,1,4,0,0,1,34.09651521,33.58033946,65.01692974,62.94232374,1,25.64760438,0
11,male,multipication,intermediate,15,5,10,5,4,2,4,4,1,2,1,41.46835236,38.41942717,54.54145042,36.3408352,6,12.72510422,0
7,female,substraction,intermediate,15,5,10,2,4,4,0,1,1,2,0,8.595836647,6.433657927,14.54850803,0.0,4,19.43461762,0
5,female,multipication,beginner,15,15,0,2,2,2,2,0,0,2,1,7.543843749,7.360894431,28.14232064,44.34706419,7,13.88028767,1
12,female,multipication,beginner,15,15,0,3,1,3,2,2,0,3,2,20.48195057,4.52753003,17.53412511,24.40189439,8,6.009517716,1
14,male,multipication,beginner,15,2,13,2,0,2,4,1,0,0,1,5.039083779,0.0,17.61658621,20.06946507,1,68.0596359,0
11,male,addition,beginner,15,12,3,1,1,2,5,0,1,0,3,1.990909403,2.505247905,12.31546629,16.6264424,8,8.311498271,1
15,female,division,intermediate,15,11,4,1,2,3,4,0,2,3,3,3.304338217,2.368632377,3.051340012,3.875689591,3,112.9020571,1
14,male,division,advanced,15,15,0,3,1,1,1,1,0,0,0,46.76208852,82.47958135,109.0747804,40.06771732,8,37.04777551,1
15,male,addition,beginner,15,5,10,1,2,5,4,1,0,5,1,14.03685116,9.558317835,15.13847779,20.83646988,8,13.87988903,1
8,female,addition,advanced,15,2,13,1,0,2,2,1,0,1,0,29.79876377,0.0,10.9873209,54.84009658,3,30.36010913,0
6,female,addition,beginner,15,8,7,1,3,2,3,0,1,1,0,2.600173648,6.972534651,18.64182424,13.20702675,9,3.189662416,0
13,female,division,beginner,15,12,3,2,3,1,5,1,0,1,1,17.15015705,32.82560625,32.15450222,37.40991841,8,5.090793262,1
7,female,multipication,advanced,15,14,1,1,2,3,4,0,0,2,3,95.32828227,83.9358414,104.3971325,67.23965118,7,38.28362024,1
7,male,substraction,beginner,15,15,0,4,0,5,1,2,0,0,1,2.694448574,0.0,14.3459836,19.51454186,8,27.45730714,0
15,male,division,intermediate,15,15,0,0,3,5,4,0,1,2,4,0.0,34.36503639,50.07575491,53.03649073,2,16.25958158,0
10,male,addition,beginner,15,14,1,0,0,0,2,0,0,0,1,0.0,0.0,0.0,20.83367089,9,12.88421139,0
5,female,division,beginner,15,12,3,1,2,2,2,1,2,0,0,22.59149212,19.08463385,25.43664754,43.14520964,7,18.90694335,1
15,female,division,advanced,15,14,1,3,2,3,1,1,0,2,1,60.0106611,29.95807736,87.57287975,27.60472412,8,13.00986202,1
11,male,substraction,beginner,15,8,7,1,3,1,1,1,1,1,0,3.050795482,5.351020116,20.276916,42.73659049,4,78.18240615,1
15,male,multipication,intermediate,15,2,13,4,5,0,1,1,0,0,0,29.32877748,27.61144259,0.0,36.55905587,9,27.03030211,0
7,female,multipication,advanced,15,4,11,1,3,0,5,0,2,0,1,59.2076854,56.63395341,0.0,39.78444806,8,5.770197799,0
12,female,division,intermediate,15,15,0,1,3,1,4,0,0,1,2,3.149875138,2.314172982,4.348300995,2.506786883,10,43.45206075,1
11,male,division,advanced,15,14,1,1,2,4,2,1,1,0,1,2.598557842,4.665180989,3.421959313,2.942920186,9,29.26574662,1
3,male,division,intermediate,15,6,9,3,5,3,1,1,1,3,1,47.12802584,30.54466635,64.84675474,53.25254074,10,26.27813146,0
6,female,multipication,intermediate,15,5,10,5,0,3,3,3,0,2,0,3.20889311,0.0,3.338305196,4.230065769,5,4.557001311,0
7,male,multipication,advanced,15,15,0,2,2,3,5,2,1,2,3,60.62549583,104.1921948,104.2556288,79.75439358,8,32.79420659,1
4,male,division,beginner,15,14,1,1,1,5,3,1,0,0,1,14.68971619,19.52582211,14.84293155,19.78919634,10,112.2294115,1
11,male,substraction,intermediate,15,12,3,2,5,1,1,2,3,1,1,13.4561325,3.722710516,19.42581445,11.91778605,7,5.288045727,0
6,male,division,beginner,15,14,1,2,1,2,2,2,1,1,1,10.2840429,20.37933444,34.01350448,24.77642829,9,6.356354493,1
6,male,substraction,intermediate,15,9,6,2,3,2,5,0,1,2,0,13.33396035,13.89333791,17.17307745,18.31940755,2,0.63961771,0
9,female,division,advanced,15,12,3,1,2,3,3,0,2,1,3,96.61193795,19.68694965,75.21464608,47.04894181,10,20.95140049,1
5,male,substraction,advanced,15,15,0,4,3,4,1,4,3,3,0,19.31540687,37.28498124,28.32524665,18.53872674,3,17.98949407,0
3,male,division,intermediate,15,6,9,1,2,5,4,0,2,2,2,3.120921718,4.701087197,3.696553361,2.736190747,9,31.71554885,1
5,male,substraction,beginner,15,9,6,4,5,1,5,3,1,0,0,2.203720899,8.539633502,15.09129403,26.41756793,5,23.15840139,0
6,female,division,beginner,15,15,0,2,3,2,4,1,2,1,3,9.818616662,25.12827934,25.81585126,33.76818769,9,21.51863995,1
3,female,multipication,beginner,15,15,0,2,3,1,2,2,3,1,0,10.25593333,14.29817483,35.04123902,20.98097052,10,5.279757034,1
11,female,multipication,advanced,15,11,4,3,3,2,1,2,0,2,0,3.198807537,2.252329904,1.681194951,1.37827691,5,9.216204013,0
11,male,multipication,advanced,15,14,1,1,3,5,2,0,3,4,0,3.271825085,3.070218605,2.15701226,4.03737762,10,93.11094234,1
7,female,division,intermediate,15,13,2,2,1,2,4,0,0,2,1,9.860923632,5.698017734,59.14965745,35.85130702,10,4.793741619,1
7,female,division,beginner,15,13,2,5,5,2,2,2,0,2,0,12.32172247,26.4363725,14.50130415,55.71329478,8,9.707871134,0
12,male,multipication,beginner,15,5,10,5,2,0,5,1,0,0,4,10.3259734,19.20214943,0.0,41.98163676,8,13.27906938,0
15,female,multipication,intermediate,15,13,2,2,1,2,1,2,0,1,1,61.92398346,73.09194201,26.06515949,17.09921222,10,3.164597213,1
3,female,addition,advanced,15,14,1,1,2,2,3,0,0,1,3,25.60290236,35.20741619,41.04052883,27.02661773,7,10.29763989,1
3,male,substraction,beginner,15,15,0,3,3,1,1,2,0,0,0,3.882056926,6.831422013,1.70167036,9.859500207,7,21.16501814,1
15,female,substraction,beginner,15,13,2,1,1,3,1,0,0,2,0,2.493263511,4.028550703,11.56131724,5.678650905,9,8.829437504,1
15,male,division,advanced,15,13,2,0,3,2,1,0,2,2,0,0.0,3.67280895,4.081113414,2.331609067,7,31.06861958,0
3,male,addition,advanced,15,14,1,1,5,5,1,1,1,1,0,1.657285124,2.182320782,3.009184944,2.373500871,10,107.7790666,1
12,male,substraction,beginner,15,7,8,0,0,4,0,0,0,0,0,0.0,0.0,17.64998853,0.0,9,34.9061441,0
11,male,addition,advanced,15,13,2,1,4,3,5,0,0,0,5,38.96478003,20.94541247,20.93101649,30.37588491,0,29.31696565,0
12,female,multipication,advanced,15,8,7,3,3,5,4,3,0,2,4,1.58758745,1.956502126,3.096706876,2.376762501,10,129.8894119,0
9,female,substraction,advanced,15,14,1,1,2,3,1,0,2,0,1,28.61375483,21.18763033,26.93229778,21.10299445,9,13.9181511,1
3,female,multipication,intermediate,15,2,13,2,4,1,3,0,0,1,0,36.09934235,32.48214674,49.07707564,52.34989975,5,12.52648538,0
8,male,division,advanced,15,15,0,2,1,1,5,1,1,0,0,89.96581258,110.0231869,83.17838002,84.20096016,7,17.79063138,1
11,male,addition,intermediate,15,12,3,3,1,1,3,3,1,0,0,7.301366453,3.840857147,12.30175889,10.50685605,8,21.95551178,1
4,female,division,advanced,15,15,0,1,3,2,1,1,1,2,1,110.8347984,56.67265637,111.8903538,144.4091191,9,22.59805728,1
6,male,substraction,intermediate,15,14,1,3,3,3,2,2,1,0,2,9.305122256,9.473283837,17.24320267,3.502594645,9,23.48214841,1
6,female,division,intermediate,15,15,0,5,2,4,2,5,0,2,1,30.83306898,31.11624642,22.15900819,43.36005686,0,0.027590893,0
15,female,addition,intermediate,15,12,3,0,2,1,4,0,0,1,1,0.0,12.51591369,23.18491765,27.99044389,5,16.69138015,0
14,male,multipication,beginner,15,14,1,3,1,1,5,1,0,1,2,15.38809516,10.78166671,46.39284114,35.79249032,9,24.05263445,1
14,male,multipication,advanced,15,10,5,5,2,1,1,3,2,1,1,33.87837074,33.34697074,59.64294622,146.8931684,6,35.92834609,0
3,female,division,intermediate,15,2,13,3,3,3,5,0,3,1,2,28.66168566,25.74857889,18.59751134,41.70257538,7,5.495203135,0
10,male,division,beginner,15,13,2,2,1,1,5,2,1,0,5,22.09471536,21.39819013,1.989913919,35.66172705,9,6.585095047,1
6,male,multipication,advanced,15,3,12,5,5,4,1,3,4,0,0,73.3931414,50.11245992,50.23968793,117.2557834,1,26.38754051,0
8,male,multipication,advanced,15,5,10,3,1,2,5,0,0,0,4,91.07185164,3.340883684,23.66023166,78.84775107,8,10.74180024,0
8,male,division,beginner,15,0,15,4,4,0,5,1,3,0,3,20.47320493,19.78402714,0.0,42.71133347,4,17.22395674,0
11,male,addition,intermediate,15,13,2,3,5,1,3,1,2,1,0,6.078404505,12.90123892,33.4142908,30.61559041,7,14.71290657,0
9,female,addition,advanced,15,0,15,3,2,1,5,1,2,1,0,18.44462606,15.04397515,52.7445055,37.41971895,7,30.55433127,0
11,female,substraction,advanced,15,14,1,2,1,3,5,2,0,0,4,5.610327078,8.769989213,21.28142451,41.27866164,7,14.80961093,1
14,female,addition,beginner,15,12,3,3,0,4,5,0,0,1,5,3.25773523,0.0,13.2146005,24.71928338,1,11.4610262,0
12,male,addition,beginner,15,6,9,0,0,3,4,0,0,1,0,0.0,0.0,14.11592829,31.7716099,6,4.936657329,0
11,male,substraction,advanced,15,12,3,1,0,3,1,0,0,1,1,17.17871558,0.0,27.75498805,47.15487057,2,16.64654159,0
4,male,division,advanced,15,11,4,1,5,3,5,0,0,3,3,2.276103689,3.476413567,5.604451346,3.547149553,8,106.627153,1
11,male,substraction,beginner,15,15,0,2,2,1,3,1,0,0,3,3.417492716,10.1915293,29.63146353,7.194555857,10,24.85054137,1
14,female,addition,intermediate,15,13,2,2,2,1,4,1,2,1,0,8.467906856,7.991274097,29.50532879,13.37080126,10,12.58491608,1
11,male,addition,advanced,15,9,6,4,1,1,1,4,1,0,1,25.35727684,17.512899,43.72206621,39.83947209,2,27.35726374,0
5,female,division,intermediate,15,10,5,4,1,5,2,4,1,3,1,47.95447346,43.04675271,46.67324182,16.56810448,0,20.01787722,0
3,male,division,beginner,15,15,0,1,4,5,1,1,0,4,1,12.88021108,16.52105777,19.93518943,31.13564995,10,115.4123196,1
11,male,addition,beginner,15,13,2,1,2,3,2,0,2,1,1,3.012250737,7.848605675,22.2280104,18.81255336,7,1.676618431,1
15,male,multipication,beginner,15,15,0,0,3,3,1,0,2,3,1,0.0,24.73882732,24.50567765,52.37675014,7,10.11175522,0
4,male,addition,advanced,15,14,1,1,2,2,4,1,2,0,0,2.330559188,3.298927376,3.035143514,3.859640339,9,133.4201823,1
5,male,addition,advanced,15,14,1,3,3,1,2,3,2,0,0,15.26180427,18.87457303,30.72894171,16.15529872,7,33.84639025,1
8,female,multipication,beginner,15,3,12,4,2,5,0,0,1,2,0,5.969480155,12.85541927,23.84493384,0.0,6,56.09814644,0
9,male,division,advanced,15,15,0,3,2,2,1,2,0,2,1,69.89954462,78.07437047,77.25579961,135.7247771,8,20.24920146,1
13,female,multipication,advanced,15,9,6,0,3,1,0,0,1,1,0,0.0,53.06706654,91.72015061,0.0,7,32.76423809,0
13,male,substraction,advanced,15,14,1,1,2,1,4,0,1,0,4,18.50481981,20.50980675,36.84032003,21.89944709,9,27.46362954,1
3,female,substraction,intermediate,15,12,3,2,1,3,4,0,1,0,0,11.51098679,9.736623328,15.25733426,21.47760838,8,26.27705094,1
11,female,substraction,intermediate,15,15,0,1,3,3,4,0,0,1,0,5.386821802,7.997862654,19.35922162,15.41659527,9,2.96671362,1
9,female,substraction,advanced,15,11,4,1,2,2,4,0,1,0,4,3.399956237,2.697432989,2.647808205,2.960886381,9,47.45842693,1
4,male,division,beginner,15,11,4,2,2,2,1,1,1,1,1,16.10287492,20.88996038,30.19039939,13.7270289,4,21.45061477,0
15,female,division,intermediate,15,14,1,1,3,2,2,0,0,0,1,31.99618747,44.20180621,48.53135526,20.16452914,8,26.83443697,1
6,male,substraction,advanced,15,12,3,1,1,2,5,0,1,0,5,39.20424547,17.80823919,41.45113,15.92851719,7,36.26793353,1
11,male,division,beginner,15,15,0,2,5,0,3,0,4,0,2,7.824347879,12.42424916,0.0,14.82608013,1,91.20001088,0
12,male,addition,intermediate,15,15,0,5,1,1,1,5,1,0,0,10.39780048,12.68324979,2.588562099,22.40459913,2,11.63466802,0
7,female,addition,intermediate,15,14,1,1,2,3,1,0,2,1,1,3.166643198,2.423626891,2.417326118,4.136073834,10,26.7269064,1
6,male,addition,advanced,15,14,1,1,3,3,1,0,1,1,1,1.836054148,2.529107914,3.79115006,3.695087361,10,76.34124568,1
11,female,addition,advanced,15,14,1,2,2,3,4,2,1,1,4,4.165102376,20.22340591,28.269325,38.02095433,7,10.36766316,1
7,male,substraction,beginner,15,13,2,0,0,1,0,0,0,0,0,0.0,0.0,9.913987637,0.0,3,20.14417993,0
8,female,substraction,intermediate,15,15,0,1,1,2,3,0,1,1,0,4.577437921,20.82759853,17.09908815,24.30097769,8,16.93872878,1
9,female,division,beginner,15,15,0,2,3,1,5,2,3,0,4,12.37467596,30.30320777,7.770821258,21.86801351,7,20.63731583,1
10,male,division,intermediate,15,11,4,0,0,4,0,0,0,3,0,0.0,0.0,34.22866054,0.0,8,28.48256931,0
10,female,multipication,intermediate,15,1,14,2,3,5,3,2,1,2,3,3.50711971,2.123919913,3.413853385,3.091950358,4,19.15571016,0
8,male,addition,advanced,15,13,2,3,1,2,5,3,1,1,2,20.6924683,33.44086296,12.14024118,45.06591892,9,7.090111056,1
14,female,multipication,beginner,15,0,15,5,3,1,5,4,0,0,4,16.94666594,25.86614895,42.54512798,32.03275665,0,3.270316129,0
14,male,substraction,advanced,15,13,2,5,5,1,0,4,1,0,0,15.3165861,16.66946078,9.018129972,0.0,4,6.657875612,0
10,male,division,advanced,15,9,6,1,3,2,3,0,3,1,3,2.379463363,3.492187001,3.6422705,4.750102928,5,54.84607738,1
8,male,substraction,advanced,15,5,10,1,4,4,2,1,4,1,1,2.757940979,3.18596536,3.735112766,2.808836233,4,59.59744424,1
13,female,division,intermediate,15,15,0,4,1,1,0,2,0,1,0,3.168292958,3.942132871,3.226902608,0.0,3,69.50654507,0
12,female,multipication,beginner,15,10,5,4,2,0,5,3,2,0,4,18.98839916,6.316283943,0.0,27.73904348,6,19.72822582,0
14,male,multipication,intermediate,15,10,5,4,2,3,0,1,0,0,0,21.54785223,7.145146703,47.22992265,0.0,3,24.18355868,0
11,male,multipication,advanced,15,15,0,3,1,1,2,3,0,1,1,65.68997036,8.451061933,13.55580697,36.59355721,7,15.58411191,1
11,male,substraction,intermediate,15,15,0,3,2,2,3,2,1,0,1,11.3872027,18.0741649,24.30087622,24.48357119,9,18.54955717,1
5,male,division,intermediate,15,10,5,3,4,2,2,3,2,2,1,2.114370886,2.949278343,2.326534136,2.455727613,9,19.40714839,0
14,female,division,intermediate,15,14,1,1,5,1,5,0,2,1,3,1.176069316,2.756874292,3.008764231,2.532768732,9,52.09709041,1
5,female,division,intermediate,15,7,8,3,0,4,4,2,0,1,4,26.86725776,0.0,49.86582405,39.50892903,6,14.3595109,0
9,male,addition,advanced,15,14,1,1,3,3,4,1,3,1,1,34.88384691,37.77747875,36.44035407,28.88321432,10,11.83625609,1
15,male,substraction,beginner,15,13,2,3,1,1,3,2,0,1,3,3.323018218,14.71058648,29.20011135,13.85605665,8,12.39150733,1
6,female,division,intermediate,15,12,3,1,0,2,5,0,0,2,1,51.0107429,0.0,5.333466384,59.82122724,10,24.30810699,0
11,female,division,advanced,15,12,3,3,2,2,1,1,0,0,0,71.36983691,102.1437985,50.11018594,39.97237544,9,25.7083489,1
14,female,division,intermediate,15,14,1,3,2,2,4,0,2,1,0,34.74971306,16.61020729,52.71527689,35.99284909,7,13.25859525,1
15,female,addition,intermediate,15,1,14,4,5,4,3,1,0,4,1,3.06643178,3.550926984,2.723572865,1.853060152,9,59.31670233,0
4,male,addition,intermediate,15,15,0,2,2,2,1,1,0,2,1,11.81237792,21.01958005,10.89537526,18.87318583,10,29.07459828,1
11,male,addition,advanced,15,13,2,1,1,2,4,0,1,2,4,39.18438446,39.91225466,25.37305286,36.73898376,7,30.58491832,1
9,male,multipication,beginner,15,1,14,3,4,0,5,2,3,0,5,17.72178312,26.11215333,0.0,39.63584699,3,0.428152013,0
15,male,multipication,beginner,15,3,12,5,5,3,4,3,2,3,3,14.72025245,11.05352575,26.81937091,32.37751832,7,14.96804514,0
5,female,substraction,beginner,15,14,1,3,1,2,3,3,0,1,0,1.893482481,8.846538919,17.22105668,9.028474587,8,23.89256641,1
6,female,addition,intermediate,15,8,7,1,2,2,1,1,1,1,0,3.891165375,3.004734977,1.979150371,3.075832658,5,7.724655958,1
8,male,addition,beginner,15,10,5,3,2,0,4,0,2,0,0,2.473065612,5.924732315,0.0,27.76452479,5,26.96561962,0
3,female,division,beginner,15,15,0,1,4,3,4,1,2,3,1,4.068625294,13.46167932,20.1507557,30.07468763,10,26.08551518,1
10,female,substraction,intermediate,15,14,1,1,3,3,3,1,2,1,0,2.294619877,3.049310502,3.322633001,3.235981705,10,26.08834991,1
11,male,multipication,intermediate,15,12,3,5,1,4,0,3,0,0,0,4.236029748,4.283350793,2.431350329,0.0,9,80.85611248,0
14,female,addition,beginner,15,8,7,1,5,4,1,0,5,3,1,6.129423081,13.00370913,22.8134476,11.44148895,7,76.62347538,1
4,male,division,beginner,15,15,0,3,3,1,3,0,3,0,0,3.521901835,16.96281443,41.37467047,27.09873168,8,26.46458118,1
6,male,substraction,intermediate,15,1,14,1,1,3,2,1,1,3,2,5.775118091,17.86302258,23.84747541,42.18169603,3,13.45708086,0
15,female,multipication,intermediate,15,10,5,1,5,1,3,1,1,0,3,4.815142627,3.327246257,2.057524253,2.084915776,5,75.62500869,1
6,male,division,intermediate,15,13,2,1,3,1,3,0,0,0,0,50.98028903,63.81840564,40.41930285,55.57700838,10,5.245641199,1
9,male,division,advanced,15,15,0,3,2,1,2,3,1,1,2,48.34714575,90.68178176,98.43608875,129.8105116,7,9.927165234,1
10,female,substraction,intermediate,15,0,15,0,1,0,2,0,1,0,1,0.0,1.936141998,0.0,1.722422573,7,45.39266686,0
9,male,multipication,intermediate,15,9,6,3,0,2,2,1,0,2,1,43.84922652,0.0,43.84130767,31.07848979,6,7.734239793,0
11,female,division,intermediate,15,15,0,1,1,2,4,0,0,0,2,60.6969925,44.70434201,35.11103394,49.77483418,10,9.040806408,1
10,female,multipication,beginner,15,12,3,3,3,1,1,0,2,1,0,10.93835641,19.66165462,2.218111589,59.83217753,10,14.01176651,1
12,male,multipication,beginner,15,8,7,1,5,4,3,1,4,2,0,17.67509106,16.84353134,27.84373428,31.04030454,3,3.227905078,0
5,female,multipication,intermediate,15,3,12,0,5,5,1,0,0,3,1,0.0,27.96613995,68.38527199,63.12858604,0,25.75029697,0
11,female,substraction,advanced,15,14,1,2,2,2,5,1,0,0,1,19.89824418,36.11711243,15.18884124,44.2130457,7,6.318932677,1
5,male,multipication,intermediate,15,14,1,1,2,1,3,0,2,1,1,2.965515043,2.06271518,3.127274281,2.343474691,10,124.6624995,1
5,female,division,beginner,15,11,4,1,3,4,1,0,0,4,0,27.33456245,21.56986705,23.27619319,59.78131717,10,15.22930532,0
5,female,addition,beginner,15,14,1,2,2,2,5,1,2,2,4,3.17274722,10.10455607,14.44171642,18.17131553,8,2.284671133,1
9,male,addition,intermediate,15,3,12,0,2,4,3,0,2,3,1,0.0,13.96394337,20.05410728,15.41300512,7,12.96680935,0
6,male,multipication,intermediate,15,14,1,1,4,4,1,1,0,4,0,2.721772112,2.77196066,1.888102878,2.380688392,9,36.16291832,1
6,female,substraction,intermediate,15,15,0,1,2,3,5,1,0,1,1,4.474515751,2.676632057,3.227903116,4.238409717,9,129.3754904,1
9,female,addition,advanced,15,11,4,0,5,0,2,0,4,0,0,0.0,3.232157627,0.0,2.336739278,2,43.35866531,0
7,male,division,intermediate,15,12,3,0,1,3,3,0,0,2,2,0.0,28.84218481,50.33889079,61.90523482,7,24.9956176,0
4,male,division,advanced,15,15,0,1,4,1,2,1,3,0,0,2.897486381,2.419468918,2.24346995,3.39439762,9,72.4590195,1
15,female,addition,intermediate,15,12,3,1,3,3,4,0,3,0,1,9.615659068,11.11792343,20.50736217,17.54201432,10,27.23378954,1
12,male,multipication,beginner,15,4,11,5,4,5,1,4,0,3,1,7.225647145,14.96585121,15.95913527,3.491533707,3,69.58572977,0
9,female,addition,beginner,15,6,9,4,4,2,3,3,1,0,3,2.172147148,7.825715628,17.64787854,6.776371654,6,0.062583794,0
6,female,division,advanced,15,8,7,2,1,5,4,1,1,2,4,1.617059027,4.915840993,3.204107746,4.014265222,9,70.14991967,0
13,male,addition,beginner,15,15,0,5,4,3,0,2,4,2,0,7.324103537,11.8753427,15.39151132,0.0,9,96.43008195,0
5,female,multipication,advanced,15,14,1,1,1,2,3,1,0,2,1,3.015997249,4.962081586,3.585826878,3.732519229,10,108.5145084,1
10,male,division,advanced,15,5,10,2,1,3,2,1,1,3,1,1.644400534,2.820940659,1.989035592,2.506652818,2,78.44103895,0
6,female,addition,advanced,15,15,0,3,1,3,1,0,0,0,1,18.3633881,35.67017898,33.43747352,5.8604607,7,9.602341002,1
12,male,multipication,advanced,15,13,2,2,1,2,4,1,0,1,1,77.32813583,67.56354732,86.08178723,98.75707343,7,28.06622719,1
3,female,addition,intermediate,15,12,3,1,3,1,5,1,3,1,4,5.817447288,14.43475935,12.20027999,11.89669542,7,13.75774214,1
13,female,substraction,intermediate,15,3,12,5,1,0,5,2,1,0,5,2.93819815,2.76621343,0.0,4.286880096,8,41.1817387,0
4,male,multipication,advanced,15,12,3,3,1,1,5,2,0,1,5,64.00021715,90.5068272,69.19991183,52.25849936,8,9.536852432,1
3,female,division,intermediate,15,8,7,0,4,2,0,0,0,0,0,0.0,49.10247469,35.56210117,0.0,9,10.73677191,0
10,female,division,intermediate,15,15,0,1,3,3,2,0,3,0,0,63.07696581,26.48626339,65.11879843,68.49259214,9,19.08041109,1
8,female,addition,intermediate,15,11,4,2,3,0,2,2,3,0,1,9.13575283,17.76774316,0.0,15.07790103,3,22.41957091,0
9,male,substraction,intermediate,15,14,1,2,1,2,2,1,1,0,2,6.890168237,3.37213155,22.1717987,36.11554781,10,17.24467877,1
5,male,substraction,beginner,15,0,15,3,5,2,3,0,1,1,0,3.986473653,8.617839947,10.55535224,21.63421722,10,8.848490564,0
3,male,substraction,intermediate,15,13,2,1,2,1,1,0,2,1,1,3.812847406,14.39181628,28.84293983,17.45264238,10,7.384166464,1
5,female,addition,beginner,15,7,8,4,5,2,3,4,0,1,1,10.1740875,14.03896344,18.11601406,22.52167221,3,108.6331635,0
7,male,division,intermediate,15,15,0,4,2,2,2,4,0,0,2,45.0953161,32.91696766,57.21300817,70.13047937,8,14.4886765,0
6,female,substraction,intermediate,15,2,13,2,0,1,0,0,0,0,0,3.312781118,0.0,2.589076103,0.0,4,57.36496151,0
15,female,multipication,beginner,15,11,4,2,0,3,5,1,0,2,3,8.365303605,0.0,20.29994299,21.19586491,0,1.209050842,0
5,male,multipication,intermediate,15,15,0,2,1,2,3,2,0,0,1,34.86065151,3.619103523,31.27805387,46.85461354,10,1.379399943,1
6,female,division,advanced,15,5,10,0,5,1,0,0,1,0,0,0.0,86.57245361,42.92890479,0.0,2,11.37828079,0
14,male,substraction,beginner,15,15,0,1,1,4,3,0,0,3,0,9.832723502,15.69364242,10.83444364,29.97556543,10,34.58051995,1
11,male,addition,intermediate,15,0,15,1,0,0,0,1,0,0,0,10.79882013,0.0,0.0,0.0,4,0.955001069,0
10,male,division,beginner,15,15,0,1,3,1,2,1,3,0,1,1.391491004,19.43104665,4.114444049,15.21160446,10,2.378071281,1
14,female,division,intermediate,15,15,0,1,1,3,3,0,1,3,2,2.824073903,1.109811156,3.183905274,3.345861048,10,65.93859613,1
7,female,addition,intermediate,15,5,10,3,0,5,2,2,0,1,0,2.617462138,0.0,3.575446069,4.399453807,2,30.85554145,0
15,male,division,beginner,15,14,1,2,1,1,2,2,1,1,0,18.84350655,10.43060973,36.73203095,46.78362383,8,18.94145386,1
8,female,substraction,advanced,15,14,1,5,1,3,2,5,1,1,0,2.334030111,4.723956365,4.37081316,5.22904792,8,126.2388987,0
10,female,multipication,beginner,15,13,2,1,3,3,5,1,1,3,1,24.42434834,22.43026538,40.57448154,30.11456525,7,26.27530104,1
3,female,substraction,advanced,15,15,0,1,5,4,3,0,2,3,2,2.200461108,2.120261843,3.888510494,4.592754493,10,41.57691076,1
15,male,addition,beginner,15,7,8,1,4,4,1,0,2,3,0,8.502550217,12.7843386,19.2196094,38.2449156,9,78.98330983,1
8,male,addition,advanced,15,13,2,3,1,2,5,2,1,0,4,29.32849506,39.70174283,28.1083563,20.55367127,8,16.12671063,1
9,female,addition,advanced,15,8,7,0,0,4,0,0,0,0,0,0.0,0.0,33.13203526,0.0,9,17.98858738,0
10,male,addition,advanced,15,14,1,2,2,1,1,0,2,0,0,29.47325181,46.91385064,29.68968663,1.112874416,8,26.70564176,1
5,female,addition,advanced,15,8,7,4,0,2,5,1,0,1,3,10.28885505,0.0,38.56442427,23.37791477,6,16.04328065,0
11,male,division,advanced,15,14,1,5,4,1,2,3,0,0,2,65.28129584,53.29315853,134.9386797,88.17042402,1,16.66892747,0
5,female,addition,intermediate,15,12,3,2,0,5,0,0,0,2,0,8.331168528,0.0,17.75572106,0.0,3,13.38717164,0
11,female,multipication,advanced,15,3,12,5,4,1,5,2,2,0,1,74.83270824,66.12044609,23.77741698,64.33068843,3,37.99017504,0
13,female,division,advanced,15,14,1,1,1,3,3,1,0,1,1,3.021506134,2.765141736,3.015083047,3.575351431,9,64.99755094,1
4,male,addition,intermediate,15,7,8,3,1,5,3,2,1,0,3,10.91070316,10.71911639,15.9604304,35.0259564,8,2.629303305,0
10,male,multipication,intermediate,15,9,6,3,5,1,3,1,4,1,1,27.87067549,52.40723628,39.96506389,38.03690828,0,7.922786644,0
8,female,substraction,beginner,15,12,3,3,3,1,3,2,2,0,3,2.801886354,9.600943985,2.691219298,18.48346494,9,19.11390381,1
9,male,substraction,beginner,15,13,2,3,3,3,3,3,2,2,2,3.202817752,6.332470459,19.69468459,23.08282086,7,21.46824769,1
9,female,substraction,advanced,15,10,5,4,1,2,3,3,0,2,1,24.20321917,34.72850625,33.87216713,11.85830803,7,37.74678988,0
5,female,division,beginner,15,8,7,4,3,0,1,3,0,0,0,13.37837182,18.07337649,0.0,55.08610628,8,23.91615948,0
7,male,substraction,beginner,15,13,2,1,3,2,5,0,2,2,4,3.868163584,12.46296241,13.21993472,20.65774471,8,13.93047575,1
4,female,multipication,advanced,15,8,7,3,2,4,3,2,1,4,1,2.226165622,3.142315981,4.617170778,4.528187236,3,29.71697785,0
3,female,substraction,intermediate,15,12,3,2,2,1,3,2,1,0,1,11.13095322,9.508798299,4.557155586,31.15001456,7,3.078686947,1
14,female,division,intermediate,15,12,3,1,2,2,5,1,0,0,2,54.93778389,29.60309525,37.54423068,47.12337944,8,4.261295136,1
15,male,substraction,intermediate,15,13,2,1,3,4,4,1,2,4,0,2.337145779,3.102097355,3.915270765,2.691632776,4,123.2902138,1
13,male,multipication,advanced,15,10,5,3,0,2,1,0,0,2,1,52.095712,0.0,131.2842851,95.19996786,7,32.41484493,0
8,male,division,advanced,15,3,12,1,3,2,2,1,0,1,2,89.89665148,25.97610042,87.01064961,43.85974414,2,18.78260036,0
4,male,multipication,advanced,15,14,1,1,3,1,3,0,0,0,0,40.10810357,70.58590608,12.69939598,85.84871914,9,26.34002619,1
15,male,addition,intermediate,15,6,9,3,1,2,4,2,1,0,2,11.83983127,7.566689313,27.51989485,21.307165,0,27.7948655,0
5,male,addition,intermediate,15,14,1,1,1,1,3,0,1,1,2,11.31153918,13.95575576,3.807156963,24.38400664,10,26.35228924,1
4,male,substraction,intermediate,15,13,2,2,2,2,2,0,2,1,1,6.228970472,17.38039109,26.2554232,22.52226244,10,4.646733665,1
3,male,substraction,beginner,15,12,3,1,1,2,5,1,0,0,5,3.836006967,4.848599395,6.842311938,21.0219703,10,14.47616143,1
5,male,multipication,intermediate,15,0,15,1,5,1,4,1,5,1,4,18.1092716,39.62879871,55.33128647,42.8380436,0,1.249945978,0
9,male,division,beginner,15,15,0,5,0,2,1,4,0,1,0,16.24841777,0.0,12.86679029,11.25263818,8,20.86465942,0
13,female,division,advanced,15,12,3,3,3,3,5,0,0,2,5,80.56981087,50.64294523,45.92548729,71.39038357,7,19.60669778,1
3,female,division,intermediate,15,0,15,3,2,2,1,3,0,1,0,33.9040178,6.609105777,80.80807248,12.9806836,6,19.99156437,0
7,male,multipication,intermediate,15,14,1,1,5,5,4,1,3,0,3,3.49169276,3.505630704,1.868784584,2.935398943,3,41.0225594,1
11,male,multipication,beginner,15,15,0,2,3,1,1,2,0,0,0,19.7801047,18.24447716,19.72643886,47.54765629,7,6.419609482,1
15,male,multipication,intermediate,15,2,13,5,3,0,3,4,0,0,1,29.9033201,46.03236561,0.0,52.7527912,2,3.430132245,0
12,male,division,intermediate,15,7,8,0,1,0,4,0,0,0,2,0.0,7.09573271,0.0,30.49636107,10,0.400419248,0
14,female,division,advanced,15,12,3,3,2,2,4,0,1,2,2,89.10360669,69.49010043,63.82776169,67.92359012,10,8.076464482,1
9,female,addition,advanced,15,15,0,5,1,2,1,1,1,0,1,2.425463883,1.876433978,2.110877071,6.066355786,4,76.28759274,0
10,female,addition,intermediate,15,5,10,4,4,2,2,0,3,1,1,12.68501465,8.360746464,11.12704892,25.25858416,10,23.69549732,0
15,female,division,intermediate,15,5,10,0,4,4,3,0,4,0,0,0.0,2.24747428,2.771823321,3.705692735,5,25.01031659,0
11,female,addition,advanced,15,13,2,2,2,1,5,1,2,0,1,27.77238238,36.64204166,3.425012695,19.71573498,10,21.1823685,1
4,male,addition,intermediate,15,8,7,4,4,2,2,3,0,1,2,3.432734006,3.57993778,3.825981094,2.192764359,2,5.008244227,0
10,male,addition,advanced,15,13,2,3,3,3,5,3,2,2,4,17.76054501,28.41213076,24.55749939,37.23041188,8,34.52661684,1
13,female,multipication,beginner,15,12,3,1,2,3,1,1,1,0,1,21.08186483,22.05018362,20.12496018,24.03315499,9,24.59930201,1
15,female,addition,advanced,15,12,3,1,2,2,3,1,0,0,3,1.968598577,3.259590209,2.076604932,2.483979496,10,58.10055248,1
7,male,substraction,advanced,15,9,6,1,3,1,3,0,0,0,0,2.691650742,3.692188862,2.496436152,5.483225751,3,100.4396818,1
4,female,addition,advanced,15,12,3,1,3,1,4,1,0,1,4,3.686181834,21.36180061,48.42330612,26.43456826,9,35.28083739,1
11,male,addition,beginner,15,14,1,2,2,2,5,2,0,0,0,2.64948997,5.849071867,13.14651844,20.65651973,10,17.98584879,1
6,male,multipication,intermediate,15,15,0,1,2,3,2,0,2,3,0,1.532873286,2.301157586,2.461884013,1.893078785,9,97.25251384,1
9,female,addition,intermediate,15,0,15,5,3,5,3,0,1,4,0,3.197020754,2.469539332,3.078016533,3.219679341,6,49.17933181,0
12,female,multipication,intermediate,15,14,1,1,4,2,2,1,3,0,0,2.210795326,2.843305968,2.243910025,1.544383247,7,45.72103911,1
12,male,multipication,intermediate,15,9,6,1,3,5,1,1,3,3,1,1.153642197,3.110240688,3.360325291,2.340546956,3,46.49885877,1
12,male,addition,beginner,15,15,0,3,5,0,5,3,5,0,4,3.223711007,10.53487955,0.0,17.10433612,6,25.89112027,0
5,female,division,intermediate,15,13,2,0,4,0,2,0,3,0,1,0.0,2.20597362,0.0,3.762965717,2,21.14478532,0
4,male,addition,beginner,15,5,10,0,3,5,3,0,1,5,2,0.0,10.23599756,9.23751711,7.287509124,8,25.91545036,0
13,male,multipication,advanced,15,8,7,0,1,5,2,0,0,5,2,0.0,3.064829322,3.742160904,3.599792118,5,137.0761496,0
3,male,multipication,beginner,15,11,4,4,1,5,5,2,0,0,1,11.21479676,11.43242514,40.26956114,30.04817989,4,16.75517122,0
6,male,addition,intermediate,15,2,13,2,5,4,0,1,0,3,0,5.351351153,16.26581795,21.10907799,0.0,2,1.283477172,0
11,female,addition,beginner,15,12,3,2,2,2,1,0,0,0,0,2.993268942,11.2121859,15.92714247,30.04750177,10,3.007523123,1
8,female,addition,beginner,15,15,0,1,1,1,5,0,1,0,2,1.096102638,11.81349775,27.49856573,24.60863159,10,9.829588393,1
8,male,substraction,advanced,15,12,3,3,2,3,4,2,0,1,2,30.43124319,5.107201522,19.93993519,45.68331614,8,11.46871578,1
6,female,substraction,intermediate,15,14,1,1,1,2,4,0,0,1,3,2.074710579,4.866279965,2.610777544,4.101095717,10,59.81421051,1
4,male,division,advanced,15,14,1,1,4,5,5,1,2,3,1,1.642557563,2.534834717,4.363655157,3.06525433,3,49.07935755,1
14,male,addition,intermediate,15,7,8,1,1,3,0,1,1,2,0,3.068082921,2.445164812,3.086959867,0.0,3,120.3306277,0
13,female,addition,beginner,15,15,0,2,3,2,4,2,2,1,4,3.835116028,5.567525854,17.37023454,22.84104898,8,26.97515861,1
8,female,addition,intermediate,15,12,3,2,0,3,3,1,0,2,0,11.61841413,0.0,25.00243277,40.68751703,5,22.80150026,0
12,male,addition,advanced,15,12,3,2,1,1,5,2,1,1,3,16.70127282,38.30421712,57.48061541,27.68286859,8,13.26361113,1
12,female,multipication,advanced,15,5,10,4,4,4,4,4,3,4,1,63.10569429,69.68692321,61.28775073,85.35759346,7,36.91754895,0
6,male,multipication,advanced,15,12,3,3,1,3,5,1,0,1,4,80.45598263,29.74933408,76.57738056,66.63284114,7,25.45487684,1
12,male,addition,intermediate,15,0,15,3,1,3,1,2,0,3,1,9.903532959,19.50112686,6.936189522,22.05440452,6,7.23180131,0
6,male,substraction,advanced,15,8,7,1,5,4,2,1,5,2,2,1.515792332,3.133403052,3.370900089,3.801120792,6,50.18592008,1
13,female,division,beginner,15,12,3,3,2,3,4,0,2,1,3,21.79608773,35.41538452,20.08219853,34.07272592,10,13.20780397,1
4,female,division,beginner,15,15,0,3,3,1,2,3,1,1,0,10.60649067,23.34261392,40.17550079,19.28914713,7,16.93238867,1
6,female,multipication,beginner,15,12,3,2,3,3,2,1,0,2,2,3.696105852,14.61759248,23.84286162,41.5496921,10,23.13600117,1
3,female,multipication,beginner,15,14,1,1,1,3,4,1,1,2,1,28.40487585,35.63690229,38.53179154,33.12593497,7,1.863209329,1
10,female,addition,advanced,15,0,15,1,5,2,5,0,1,2,5,21.66600919,24.41961028,27.00720706,21.58946045,0,17.86319671,0
11,male,addition,beginner,15,12,3,1,2,3,4,0,2,2,0,3.999963176,12.09007609,12.04602996,17.25015311,9,25.83395194,1
3,male,addition,intermediate,15,0,15,4,4,4,5,4,2,2,1,2.553962507,2.699925854,2.705023594,2.849851851,6,118.2812159,0
12,female,division,advanced,15,14,1,3,3,3,5,0,0,1,2,47.26840185,86.92119384,34.29515643,83.27545264,8,17.38046683,1
11,male,division,beginner,15,7,8,0,1,0,2,0,0,0,0,0.0,32.84291053,0.0,32.09472701,0,22.943353,0
7,female,addition,beginner,15,15,0,1,4,2,2,1,3,2,2,8.363524687,12.51997768,12.67519192,31.34037936,9,34.77091472,1
6,male,substraction,intermediate,15,13,2,2,2,1,4,2,2,0,0,10.46063755,11.75630746,14.0380439,26.43498591,8,2.372871489,1
14,female,division,advanced,15,4,11,2,4,5,5,0,0,1,2,113.0888968,70.42721071,52.46454275,77.31652115,1,12.64116358,0
10,female,substraction,beginner,15,0,15,1,3,1,3,1,1,1,1,1.551755015,7.021198114,17.02869474,24.65005715,10,2.199229534,0
7,male,division,advanced,15,5,10,3,3,4,3,3,3,4,1,88.07444341,43.12674569,44.84193166,74.05869739,1,9.299058131,0
7,female,multipication,beginner,15,15,0,1,1,5,3,0,0,3,3,10.10272951,2.317254325,21.6182765,23.29457145,10,66.76788462,1
6,male,addition,beginner,15,9,6,3,4,5,0,0,3,3,0,13.14393464,15.84746728,14.64190068,0.0,7,108.2699706,0
6,female,multipication,advanced,15,11,4,2,3,1,1,0,1,0,1,31.27876739,84.5216368,6.940480223,91.3799061,7,27.53973644,0
8,female,multipication,advanced,15,15,0,1,3,1,3,0,3,1,0,112.1213499,69.02996874,124.26477,62.90208493,8,8.715659956,1
5,male,addition,intermediate,15,10,5,4,0,3,4,2,0,1,4,9.221376913,0.0,20.88352168,38.28649144,6,17.38594722,0
5,female,substraction,advanced,15,13,2,3,2,1,1,3,0,0,1,19.65331372,10.53742054,30.72731594,41.93277543,8,36.61584876,1
11,male,addition,intermediate,15,6,9,0,2,4,3,0,1,2,2,0.0,10.22061685,15.28095383,18.0344157,6,14.21129366,0
10,female,division,intermediate,15,15,0,1,2,2,3,1,1,2,1,35.68269899,65.42477121,27.22695364,67.26578392,9,1.557538957,1
13,female,addition,intermediate,15,11,4,1,2,1,5,0,0,1,2,6.730038511,13.86800867,15.90636562,24.95254811,9,22.41005045,0
4,male,addition,advanced,15,8,7,1,3,3,1,0,3,1,0,2.310204619,2.852482209,2.378249058,2.306278553,5,33.88164221,1
8,male,substraction,advanced,15,8,7,5,3,4,0,5,1,1,0,2.72318114,1.692404509,3.093596721,0.0,1,93.43375543,0
13,male,addition,beginner,15,15,0,1,2,1,4,0,2,0,4,3.138144491,3.570046013,14.53859316,17.63279931,9,21.2754136,1
4,female,addition,advanced,15,3,12,3,4,2,0,3,1,1,0,22.83648308,19.38724116,29.92913374,0.0,2,23.23867846,0
10,male,multipication,advanced,15,8,7,5,0,1,5,4,0,1,2,61.77399519,0.0,12.68523298,81.33350614,3,11.59520678,0
8,male,division,beginner,15,0,15,4,4,3,5,1,3,0,4,4.815745013,18.85113152,21.91409488,16.17557848,7,100.9304631,0
7,male,multipication,intermediate,15,15,0,3,2,3,1,1,2,1,1,38.52064046,21.40078122,41.8833649,16.68732684,8,14.41881243,1
5,female,multipication,beginner,15,0,15,4,1,2,1,0,1,0,0,14.02066956,31.1007996,27.82618132,17.33968034,6,4.573857075,0
8,male,substraction,advanced,15,4,11,5,3,2,3,2,3,0,3,11.50515611,31.7752705,17.43302587,47.12484566,9,35.70560337,0
4,male,addition,intermediate,15,2,13,3,4,1,1,0,2,0,1,11.91897726,16.63997146,6.870202417,41.68007946,3,15.93782997,0
6,female,division,intermediate,15,11,4,4,1,3,2,1,1,1,2,36.99749731,18.02413518,44.55413744,67.73089189,8,5.981231809,0
11,male,addition,intermediate,15,12,3,3,3,1,1,3,2,1,0,7.803950759,16.22585873,20.91495486,7.815822573,10,18.31560308,1
8,male,addition,intermediate,15,8,7,5,2,3,4,1,0,0,4,6.719913464,10.11038528,21.05594313,18.07980153,1,12.02831021,0
4,male,division,advanced,15,3,12,5,3,2,0,2,1,0,0,55.05629975,85.64358938,34.74570779,0.0,2,30.03392721,0
5,female,division,advanced,15,13,2,1,1,3,1,1,0,0,0,109.6261789,20.56377697,40.42214954,68.78824558,10,29.09447644,1
3,female,division,intermediate,15,9,6,0,3,0,5,0,3,0,5,0.0,29.81131729,0.0,44.80974318,8,7.852337622,0
12,female,division,intermediate,15,14,1,1,3,3,5,1,0,0,3,22.17161031,45.62591547,61.60691158,60.92387506,9,23.76588271,1
5,female,substraction,beginner,15,12,3,2,3,2,1,1,1,0,1,2.897873834,5.565076251,24.81606802,3.163597052,7,27.38621922,1
12,male,multipication,intermediate,15,0,15,2,1,4,1,0,1,1,0,11.31599175,51.57533649,39.63954968,15.63862038,5,8.206962538,0
3,female,addition,intermediate,15,6,9,1,5,1,4,1,3,1,0,3.574956839,3.114747431,2.945226512,2.355500018,10,84.16514175,1
3,male,addition,beginner,15,14,1,2,2,3,5,2,0,0,4,3.801138739,12.49254966,12.67092046,22.04833918,9,19.23072937,1
7,female,division,beginner,15,12,3,2,4,3,0,2,3,2,0,11.52602824,11.99401382,36.38032566,0.0,3,16.81756478,0
13,male,division,beginner,15,14,1,2,2,2,1,2,1,0,1,26.33708507,11.86867197,41.06672433,3.203588931,7,14.3190287,1
8,male,addition,beginner,15,12,3,1,2,2,5,0,0,1,1,3.20737395,6.508828227,8.922617227,26.90895381,9,3.83592951,1
4,male,division,advanced,15,1,14,4,1,0,1,3,0,0,1,55.70924908,16.53268856,0.0,74.95246568,0,10.4785913,0
10,male,addition,intermediate,15,3,12,1,1,1,1,0,0,0,1,3.903657897,2.464560704,2.502939418,4.331891953,5,58.17056734,0
7,female,addition,beginner,15,4,11,2,3,5,3,0,3,2,2,3.178976019,4.350773301,19.82709868,8.567228928,9,24.06676694,0
5,male,multipication,intermediate,15,0,15,1,5,2,5,1,4,2,4,44.25530552,47.36275556,42.6288481,40.48059836,4,8.984395815,0
5,male,multipication,advanced,15,8,7,0,0,5,2,0,0,0,1,0.0,0.0,83.03334654,103.869931,1,8.361298719,0
9,male,division,advanced,15,12,3,1,5,4,2,1,1,2,1,3.532181179,3.130864033,3.852677494,5.872698145,10,74.85638634,1
14,female,substraction,intermediate,15,12,3,2,1,3,1,0,0,0,1,10.20800687,19.32628684,22.29505753,40.00359407,7,18.21215514,1
5,female,multipication,advanced,15,15,0,2,2,2,1,2,2,0,0,74.77247894,11.46335664,86.71902531,89.31655181,10,31.17419396,1
3,female,division,advanced,15,12,3,1,1,1,3,0,0,0,2,90.64982501,45.14295729,24.04008147,79.0982652,7,29.34619131,1
3,male,substraction,intermediate,15,12,3,3,3,1,3,3,2,0,0,9.262574881,13.97501461,21.1097604,26.74600691,10,4.089930435,1
8,female,multipication,intermediate,15,11,4,3,0,5,5,1,0,4,5,31.71112644,0.0,40.59198464,44.96390948,2,12.85598378,0
4,male,substraction,intermediate,15,3,12,1,3,0,3,0,1,0,2,4.437178585,4.135689977,0.0,2.592230761,8,51.50486054,0
10,male,substraction,advanced,15,14,1,3,1,2,3,0,0,2,1,30.24443855,35.9178276,38.38893423,46.58527595,7,26.10672209,1
4,female,addition,intermediate,15,8,7,1,5,1,2,1,2,0,2,10.51152484,16.8252186,1.581716648,12.52918478,3,16.62490979,0
4,male,division,intermediate,15,5,10,1,3,3,1,0,1,0,0,4.353152689,2.381946592,3.445368132,2.88287784,10,113.9179442,1
6,male,addition,beginner,15,9,6,5,3,0,3,5,3,0,1,5.686593434,9.876344977,0.0,6.848348353,5,67.82644904,0
3,female,addition,intermediate,15,6,9,1,4,2,2,1,2,2,0,3.643216072,3.083559522,1.971741651,4.0806693,7,56.79338169,1
10,female,substraction,beginner,15,14,1,2,2,2,3,2,2,2,1,3.36373971,3.530494829,9.273832355,25.33153217,10,17.07095034,1
8,male,substraction,intermediate,15,5,10,4,2,1,4,4,1,1,4,3.048008655,1.832749383,2.616430643,2.721954348,8,11.09876652,0
12,female,addition,intermediate,15,13,2,3,1,3,5,3,1,2,2,4.221454118,16.58990503,18.92280699,28.45448903,9,15.94742025,1
5,female,substraction,intermediate,15,13,2,1,3,2,1,1,0,2,0,4.112418934,13.73821113,13.80926248,12.86546596,10,13.67651661,1
13,female,multipication,beginner,15,0,15,1,5,4,1,0,2,1,1,8.458320322,15.29081807,18.38058731,15.94994359,10,54.13871561,0
9,male,substraction,advanced,15,14,1,2,2,2,5,2,0,1,3,10.94568963,33.76399933,30.06312066,42.36122344,8,11.91023509,1
10,female,division,beginner,15,7,8,3,2,0,4,2,1,0,4,14.55227419,12.38550506,0.0,41.75350407,8,20.37022397,0
9,female,addition,advanced,15,14,1,2,1,3,1,1,1,0,1,15.82355535,41.40694417,30.02231787,61.9837091,7,38.72561591,1
6,female,addition,intermediate,15,14,1,3,1,1,3,3,0,0,3,10.61204702,4.103180422,15.52896495,22.64731634,7,13.8239734,1
14,female,multipication,advanced,15,15,0,1,1,2,4,1,1,0,3,58.3354458,34.52950387,94.09373602,61.69828014,7,36.81822139,1
5,female,substraction,advanced,15,2,13,1,2,5,3,1,2,4,1,2.721612649,4.481149874,3.479835202,3.43295934,6,106.4049292,0
5,female,addition,intermediate,15,3,12,5,4,1,4,4,1,0,1,7.879475462,10.89130921,33.2671139,33.56272787,9,27.54332919,0
6,male,division,beginner,15,13,2,2,1,2,5,2,1,0,2,2.489487384,24.23394233,7.011451412,19.77168131,8,28.81882087,1
4,male,multipication,beginner,15,12,3,2,3,2,3,2,3,2,1,13.18050933,23.74949168,15.32756344,31.19199299,9,23.76481242,1
4,male,addition,intermediate,15,2,13,1,0,0,5,0,0,0,5,7.354709358,0.0,0.0,24.72085633,2,3.803870589,0
14,female,division,beginner,15,10,5,5,0,0,4,0,0,0,0,8.958254063,0.0,0.0,29.74319283,5,4.031969897,0
4,male,division,advanced,15,8,7,1,0,1,1,1,0,0,0,104.6338917,0.0,88.7295747,3.512735272,7,31.08395007,0
13,female,multipication,intermediate,15,12,3,3,1,1,3,1,0,1,3,52.80276663,22.27552765,33.87242487,34.82385099,9,13.59904917,1
13,male,multipication,intermediate,15,8,7,0,4,0,0,0,3,0,0,0.0,3.435869879,0.0,0.0,4,24.00050481,0
5,female,division,beginner,15,1,14,0,0,2,3,0,0,0,2,0.0,0.0,15.73371742,9.205684899,4,46.45039367,0
3,male,division,advanced,15,15,0,3,3,1,1,3,3,1,1,25.87330346,95.27697214,11.11908974,30.08254398,8,36.31445583,1
12,female,addition,intermediate,15,10,5,1,4,1,4,0,2,0,0,4.297829356,2.892878838,2.864706796,2.80479999,7,55.48614463,1
4,female,addition,advanced,15,13,2,3,2,3,4,0,0,1,2,29.88056605,20.88726616,31.36163288,42.34613479,8,27.77118807,1
8,female,addition,beginner,15,5,10,0,2,5,1,0,0,1,0,0.0,6.629919422,19.39008675,28.82138192,10,27.47398175,0
5,male,multipication,advanced,15,15,0,3,3,2,2,3,2,0,1,24.33138623,58.95398795,68.21514067,29.46463992,7,17.03731254,1
4,male,division,intermediate,15,1,14,4,4,1,3,0,4,0,1,2.770618536,3.46454851,1.789796234,2.115919919,8,53.84824575,0
4,female,multipication,beginner,15,8,7,1,2,3,1,0,1,1,0,5.28642856,15.99925095,21.9115572,10.3179467,8,4.103172586,1
11,female,multipication,intermediate,15,13,2,1,1,3,1,1,1,3,0,37.75099593,65.66153414,42.63430975,65.07820051,10,20.19463276,1
15,female,addition,advanced,15,10,5,1,4,0,3,0,1,0,2,1.846222151,2.561431241,0.0,3.259695394,10,22.61880174,0
7,female,substraction,advanced,15,13,2,1,1,1,2,0,1,0,0,38.00336983,39.03711563,9.205634306,38.36377729,7,12.90281713,1
4,male,substraction,beginner,15,6,9,1,0,0,5,1,0,0,2,2.106920554,0.0,0.0,21.06061572,10,19.38186681,0
5,female,multipication,advanced,15,10,5,2,5,0,2,0,4,0,1,82.82603224,50.28973252,0.0,43.95006939,3,26.75861344,0
10,male,substraction,advanced,15,0,15,5,4,0,4,1,1,0,2,25.24149659,26.05783558,0.0,26.18948526,0,25.26361457,0
5,female,multipication,advanced,15,14,1,3,0,2,0,2,0,0,0,73.62445534,0.0,109.7549439,0.0,5,23.32975628,0
14,female,multipication,beginner,15,15,0,1,3,4,1,1,2,2,0,8.640370883,14.68336588,26.77435773,17.14654432,10,65.92776129,1
6,male,substraction,intermediate,15,15,0,1,1,3,1,1,0,3,0,2.431563431,1.380008014,3.701123213,3.952513516,9,99.78383273,1
15,male,substraction,advanced,15,2,13,5,1,0,0,0,0,0,0,19.0611345,18.59493583,0.0,0.0,7,38.59758965,0
3,female,addition,intermediate,15,12,3,1,3,1,3,1,0,0,1,9.320994411,9.396628021,31.71794815,29.06562803,9,0.465970266,1
8,male,addition,intermediate,15,14,1,5,1,5,2,5,1,4,1,11.47738673,2.309677387,18.51669728,11.80755305,5,29.66061813,0
15,female,multipication,advanced,15,14,1,3,2,3,4,1,2,1,0,42.7010603,72.9549361,43.67535551,36.21989681,7,7.107979067,1
6,male,multipication,advanced,15,12,3,2,2,2,2,0,1,0,1,52.70801738,63.59172729,19.42819248,93.38901039,8,16.14582045,1
10,male,substraction,beginner,15,15,0,2,2,1,3,0,2,0,3,2.481722134,7.134460447,3.23881042,21.50452376,7,29.52076234,1
14,female,substraction,beginner,15,6,9,2,4,3,2,0,3,3,0,4.444025987,6.882826714,20.86262833,19.41280984,8,9.594208646,0
14,female,substraction,beginner,15,14,1,0,5,0,0,0,4,0,0,0.0,8.685938334,0.0,0.0,2,5.770155259,0
15,male,addition,advanced,15,15,0,2,1,2,1,2,0,0,1,4.991290676,6.879733221,14.88459405,24.59593888,10,39.68077773,1
3,male,substraction,advanced,15,12,3,1,3,2,3,1,2,0,1,19.61446371,21.88439151,19.7361551,49.35396836,9,5.916885907,1
14,female,substraction,beginner,15,15,0,1,4,5,5,0,1,4,3,5.802940092,17.80487544,17.36508265,22.07237422,10,122.3842851,1
8,male,substraction,intermediate,15,12,3,2,2,3,4,0,0,3,2,7.112804558,9.099961357,28.88976268,21.28319428,10,18.79584019,1
7,female,multipication,intermediate,15,7,8,3,0,3,3,1,0,0,3,2.275721744,0.0,3.306607813,3.613281758,5,91.86012602,0
10,male,division,intermediate,15,4,11,5,1,2,3,1,0,0,2,3.203057328,1.922159687,3.73531391,2.363695518,9,38.99606777,0
12,male,division,advanced,15,15,0,3,3,1,2,2,2,1,2,105.1816282,87.93592935,66.18038305,115.5721228,8,23.03312324,1
14,female,multipication,beginner,15,15,0,3,2,1,5,1,0,0,0,13.97053638,16.07003327,24.35812495,32.41481055,10,17.56744321,1
8,male,multipication,intermediate,15,14,1,1,1,4,3,0,1,0,3,2.379514893,3.21372284,2.387154718,3.692206636,9,26.62566013,1
14,female,multipication,advanced,15,12,3,3,3,5,1,1,1,2,0,45.02583418,63.27789021,74.26675065,76.83106746,2,39.67518362,0
12,male,multipication,intermediate,15,13,2,2,1,4,1,1,0,0,0,57.21411765,49.4595426,62.98340605,7.759749099,3,14.27111244,0
14,male,multipication,advanced,15,11,4,2,3,2,0,2,1,2,0,2.735810089,2.822688088,2.181204502,0.0,0,32.80133355,0
13,male,substraction,advanced,15,15,0,1,3,3,3,0,1,2,0,3.555576361,2.812949156,2.411154689,2.656918425,9,88.91396112,1
8,male,substraction,advanced,15,14,1,2,2,1,3,0,1,0,2,8.87839963,29.30878895,38.50911556,38.5850093,8,26.69290816,1
3,male,substraction,beginner,15,13,2,3,3,3,3,0,3,1,2,2.739358919,5.326049143,13.72653682,14.13619498,8,7.551803675,1
14,male,substraction,beginner,15,6,9,2,2,1,0,0,2,0,0,2.747766294,5.331135317,10.25265538,0.0,4,9.295988138,0
3,female,substraction,intermediate,15,11,4,1,3,5,2,0,0,4,2,11.67027514,9.507386766,17.33538836,26.41815896,1,29.93438782,0
4,male,addition,beginner,15,6,9,1,5,3,0,0,0,0,0,1.707201434,11.71098807,13.38041308,0.0,9,10.13366297,0
5,male,multipication,beginner,15,15,0,3,3,1,4,1,0,0,3,13.94885587,18.66680792,9.833610912,28.70854201,7,13.99431779,1
8,female,addition,advanced,15,15,0,2,2,0,0,0,2,0,0,17.81626288,25.23509029,0.0,0.0,5,26.43799853,0
14,male,substraction,beginner,15,14,1,0,3,4,2,0,1,3,0,0.0,5.201681983,20.68121048,26.76664583,0,23.19383497,0
7,female,division,advanced,15,13,2,3,3,1,5,0,2,0,2,48.45755988,80.74862687,36.44496077,60.02385336,8,36.40869093,1
11,female,substraction,advanced,15,14,1,1,4,2,5,0,1,2,3,1.165057113,3.977751784,2.95784877,3.579474366,9,65.14649636,1
14,male,substraction,beginner,15,14,1,1,3,3,5,1,1,1,3,1.247975227,8.155520059,20.17493078,13.87791738,9,22.90841213,1
11,male,multipication,beginner,15,11,4,1,1,0,3,0,0,0,0,10.96084482,16.00243964,0.0,11.61368328,10,121.0518454,0
15,female,substraction,beginner,15,15,0,3,2,2,1,1,2,0,0,4.034957081,8.356857012,15.95649329,9.153551923,9,8.402612232,1
8,male,multipication,beginner,15,15,0,3,3,3,3,0,1,3,0,10.86772315,12.74026908,29.37628838,40.8747374,7,6.973862491,1
13,male,substraction,intermediate,15,14,1,1,2,2,4,0,0,2,4,10.02093317,9.881659449,12.44370011,21.49200427,8,9.969879398,1
8,male,addition,intermediate,15,13,2,2,1,2,2,2,1,0,1,13.69363463,24.38853318,29.69973525,27.60871626,8,7.835988215,1
3,female,division,beginner,15,7,8,4,3,4,1,1,1,1,0,9.188372268,14.70410139,8.422252503,14.53889729,8,36.26593846,0
6,male,substraction,intermediate,15,7,8,0,5,5,1,0,5,0,1,0.0,9.923708389,17.74432428,25.34062093,3,0.744511318,0
8,female,multipication,beginner,15,14,1,3,1,0,0,0,0,0,0,6.43420499,5.580002019,0.0,0.0,4,10.19180785,0
13,female,addition,beginner,15,12,3,3,4,0,5,2,0,0,3,12.62970655,12.35452561,0.0,25.87812246,9,121.2701626,0
3,female,substraction,beginner,15,14,1,4,2,1,2,0,0,1,0,7.054474214,11.67803579,31.80549786,32.42229799,8,29.64798823,0
7,female,division,intermediate,15,4,11,5,1,3,2,5,1,2,1,2.81627248,1.640401778,3.451349491,2.995474629,9,95.52105498,0
7,male,division,intermediate,15,5,10,5,3,3,3,0,3,3,1,3.033729539,2.462947651,2.389984585,3.390546945,2,42.76226561,0
3,male,multipication,intermediate,15,13,2,2,1,2,3,0,0,0,3,43.62229465,23.88736072,30.83982422,34.0748317,9,22.11597713,1
4,female,substraction,intermediate,15,13,2,2,1,1,5,2,1,1,5,11.70421006,10.09407027,20.55224279,27.76256062,10,22.04934361,1
3,male,substraction,advanced,15,8,7,2,3,0,2,2,3,0,0,2.35388357,1.673999532,0.0,3.033222413,4,65.68046219,0
15,female,substraction,intermediate,15,15,0,1,5,1,3,1,3,1,1,3.066388929,2.815963238,2.425731276,2.651021426,9,14.35675795,1
12,male,multipication,intermediate,15,14,1,5,3,1,0,2,3,0,0,46.54586264,25.84869806,81.51457374,0.0,2,17.81487048,0
7,male,substraction,intermediate,15,14,1,3,3,2,1,2,3,2,1,8.284536259,18.13833164,30.1316807,26.5467682,7,23.98495667,1
11,male,division,beginner,15,10,5,1,4,0,1,1,1,0,1,15.90158926,26.43042398,0.0,26.56745621,10,19.05895426,0
7,male,multipication,advanced,15,12,3,2,1,1,3,0,1,1,0,19.58113721,69.28432676,35.73455706,54.32265135,2,35.45210485,0
4,male,division,intermediate,15,15,0,1,3,3,5,1,3,3,3,12.26596054,23.41009121,6.214008437,54.97269941,7,7.90538203,1
5,male,substraction,beginner,15,12,3,2,3,3,5,1,3,3,3,3.736280961,10.75241289,16.16948579,26.98381065,8,20.96531941,1
8,female,division,intermediate,15,9,6,4,4,2,0,3,2,0,0,34.16504411,37.86633605,19.90723979,0.0,5,5.674302221,0
15,male,substraction,intermediate,15,10,5,5,1,1,5,1,1,1,5,10.2081318,7.087245373,21.35530465,14.00054806,2,18.09384193,0
6,male,division,advanced,15,13,2,5,0,4,5,0,0,0,1,64.15506207,0.0,48.82532719,92.76279606,2,17.80005242,0
3,female,division,beginner,15,0,15,4,2,0,0,0,2,0,0,6.900802719,4.452097356,0.0,0.0,1,6.378225467,0
9,male,multipication,intermediate,15,0,15,2,3,3,4,2,3,1,3,46.2670171,40.60758216,29.5870358,32.82770309,5,13.8745534,0
3,female,multipication,intermediate,15,9,6,1,0,2,2,0,0,1,0,7.385346837,0.0,35.07936273,35.06712668,3,8.407673539,0
3,male,multipication,beginner,15,15,0,1,5,3,2,1,5,1,1,12.16878471,11.92946299,12.66768888,17.65899971,9,108.2631801,1
6,female,substraction,intermediate,15,6,9,4,0,5,0,1,0,2,0,10.33847556,0.0,23.33385153,0.0,7,27.1148565,0
3,male,multipication,intermediate,15,7,8,0,1,4,5,0,0,3,2,0.0,3.789740805,1.972989381,3.781452728,8,76.62833678,0
3,male,multipication,advanced,15,7,8,0,1,5,0,0,0,5,0,0.0,74.49914827,79.75038201,0.0,4,39.79386599,0
12,female,multipication,intermediate,15,11,4,1,2,1,2,0,2,0,0,4.752556386,2.587454738,2.659095183,4.28957319,10,17.83685244,1
5,male,division,advanced,15,8,7,1,4,2,4,0,0,0,1,3.241826615,3.515398287,4.88344169,3.604233512,1,88.76819142,0
9,female,division,intermediate,15,11,4,3,3,4,5,1,3,4,0,45.98584711,35.63188352,54.76881389,42.5396452,7,23.71183408,0
9,female,substraction,beginner,15,13,2,3,1,2,1,2,0,1,0,2.424290072,10.63823716,20.36283111,28.2699689,9,5.392389352,1
5,female,addition,beginner,15,12,3,1,3,3,1,0,0,0,0,4.956491141,9.142165286,18.40811838,5.172607652,9,3.589554962,1
3,female,division,beginner,15,12,3,3,3,1,3,3,1,0,0,19.37499742,17.05749363,31.74923837,32.32479908,10,0.440933119,1
4,male,multipication,intermediate,15,15,0,1,3,5,1,0,3,5,1,2.51232111,2.314029368,1.894265894,1.727127372,7,63.67904639,1
5,female,division,intermediate,15,14,1,1,1,2,1,1,0,2,1,1.339099247,4.180886766,2.113155007,3.672600818,0,13.08337215,0
5,female,substraction,intermediate,15,3,12,3,3,0,3,0,0,0,1,11.86013759,20.43759738,0.0,30.58672634,8,9.675967377,0
4,female,division,intermediate,15,6,9,1,0,2,1,1,0,1,1,16.33043742,0.0,21.96087216,10.27406725,6,27.89968185,0
5,male,multipication,beginner,15,5,10,2,2,1,2,0,2,1,0,25.25544417,26.54688434,6.179952429,23.66938622,3,14.2084436,0
13,female,division,advanced,15,4,11,3,5,4,0,3,5,3,0,49.29663067,84.86489865,88.72473691,0.0,0,34.89192249,0
6,female,addition,intermediate,15,4,11,3,3,1,3,1,3,0,2,5.826239203,4.998581847,9.907936968,23.67754407,4,19.22881783,0
7,male,addition,advanced,15,9,6,1,4,5,1,0,0,5,1,3.228543945,3.7942831,4.241880645,2.817552403,9,103.9701814,1
8,male,substraction,advanced,15,5,10,2,2,5,0,1,2,1,0,2.859872129,4.337715439,4.329960091,0.0,5,81.56786269,0
6,female,substraction,advanced,15,4,11,1,5,4,4,1,2,0,0,3.84186524,21.21012952,27.6633392,46.4944835,5,24.43693125,0
5,male,division,advanced,15,13,2,3,1,3,4,2,1,0,4,11.96467423,43.95487413,54.16635536,70.46579192,8,20.66148071,1
14,male,multipication,intermediate,15,14,1,1,5,4,2,0,1,4,0,1.270573473,3.174641539,3.453196925,4.067158914,10,66.26793183,1
15,male,multipication,intermediate,15,13,2,3,2,1,1,1,0,1,0,21.00265352,32.55461798,33.60680568,75.87624355,8,7.845967121,1
